title,type,release_date,label,producer,artists,lyrics,composers,arrangers,tracklist
Z, Album,21/12/2005,,,Zwei,,,,
Zaishou no Lucifer [Type A], Single,29/03/2017,Stand-Up! Records,CROWN TOKUMA music distribution,Iketeru Hearts,,,,
Zaishou no Lucifer [CD+DVD], Single,29/03/2017,Stand-Up! Records,CROWN TOKUMA music distribution,Iketeru Hearts,,,,
Zaika ni Keiyaku no Chi wo, Single,25/06/2008,,,PHANTASM,,,,
Zaika, Single,15/02/2010,,,Mettle,,,,
"Zaijou ""Gluttony"" [Type B]", Single,24/06/2015,Double River Record,,The 3rd Birthday,,,,
"Zaijou ""Gluttony"" [Type A]", Single,24/06/2015,Double River Record,,The 3rd Birthday,,,,
Zai Zai, Album,18/12/2006,EE-Media,,Huang Ya Li,,,,
Zai Wu Feng Shi, Digital Single,10/12/2018,WAJIJIWA Entertainment,,Mao Bu Yi,,,,
Zai Wo Xin Shen Chu, Vinyle,01/05/1987,Polydor Hong Kong,PolyGram Records,Jacky Cheung,,,,
Zai Wo Xiang Qi Lai, Digital Single,07/09/2012,Bravo Entertainment,,Demon Li,,,,
Zai Wei Lai, Digital Single,20/11/2021,UNICEF China Office,,Roy Wang,,,,
Zai Shui Yi Ci Yes I Do, Mini-Album,23/12/2014,avex Taiwan,,Lin Yo Wei,,,,
Zai Shi Jie Zhong Xin, Album,28/09/2007,,,Kelly Poon,,,,
Zai Ni Shen Pang (I'll be there), Digital Single,28/02/2020,SM Entertainment,DREAMUS,Zhou Mi,,,,
Zai Ni Bei Ying Shou Hou [Cassette], Cassette audio,1989,Linfair Records,Linfair Magnetic Sound,Winnie Hsin,,,,
ZALZARA, Digital Single,26/07/2016,Mystic Entertainment,LOEN Entertainment,Muzie,,,,
Zakurogata no Yuuutsu, Single,28/07/2004,PS COMPANY,,the GazettE,RUKI [the GazettE],,,
Zakuro Iro no Tsuki to Kurutta Koi no Senritsu, Single,10/10/1999,Daiki Sound,,Merrygoround,,,,
Zakuro / Kyouki no Melody [Limited Edition], Single,14/07/2021,Bushiroad Music,Bushiroad Music,Fantôme Iris,,,,
Zakuro / Kyouki no Melody, Single,14/07/2021,Bushiroad Music,Bushiroad Music,Fantôme Iris,,,,
Zakuro, Single,14/02/2009,,,Baletta,,,,
Zakuro, Single,19/03/2008,,,D'ERLANGER,,,,
ZAIYA LIVE, Live Album,05/07/1996,Electric Bird,King Records,Kenso,,,,
Zaishou no Lucifer [Type D], Single,29/03/2017,Stand-Up! Records,CROWN TOKUMA music distribution,Iketeru Hearts,,,,
Zaishou no Lucifer [Type C], Single,29/03/2017,Stand-Up! Records,CROWN TOKUMA music distribution,Iketeru Hearts,,,,
Zaishou no Lucifer [Type B], Single,29/03/2017,Stand-Up! Records,CROWN TOKUMA music distribution,Iketeru Hearts,,,,
Zai Ni Bei Ying Shou Hou, Album,1989,Linfair Records,Linfair Magnetic Sound,Winnie Hsin,,,,
Zai Na Yao Yuan De Di Fang, Digital Single,31/05/2015,Chia Tai Music Entertainment,,A Lu A Zhuo,,,,
Zai Lu Pang, Album,06/03/2006,,,Zhong Li Feng,,,,
Zai Jian Bu Zai Jian, Digital Single,21/05/2015,Great China Mania,,Shila Amzah,,,,
Zai Jian, Digital Single,07/10/2015,Great China Mania,,Shila Amzah,,,,
Zài Huǐmiè Qián, Album,11/06/2010,,,OverDose (Rock),,,,
ZAPPING, Mini-Album,09/09/2019,FNC Entertainment,Kakao M,FTISLAND,,,,
Zap Mai Bat Fui, Album,05/02/1993,Cinepoly Records,PolyGram Records,Faye Wong,,,,
Zanzou [Limited Edition], Single,03/02/2010,A-Sketch,,flumpool,Yamamura Ryuta,"Sakai Kazuki,Tokita Satoshi","Furukawa Takahiro,Momota Rui,Tamai Kenji",
Zanzou, Single,03/02/2010,A-Sketch,,flumpool,Yamamura Ryuta,,"Furukawa Takahiro,Momota Rui,Tamai Kenji",
Zanza Misaki [Cassette], Cassette audio,22/10/2008,TEICHIKU RECORDS,TEICHIKU ENTERTAINMENT,Iriyama Akiko,,,,
Zanza Misaki, Single,22/10/2008,TEICHIKU RECORDS,TEICHIKU ENTERTAINMENT,Iriyama Akiko,,,,
Zany Zap Complex #1, Compilation,22/07/2009,,,"Golden Bomber,MANNEQUIN,SINCREA",,,,
Zantou/ Jyusouka, Single,15/06/2009,,,VIRGENOW,,,,
Zantou / Orange, Single,16/07/2008,Like an Edison Distribution,,as.milk,,,,
Zantetsuken [Limited Pressing], Single,26/09/2012,Danger Crue Records,avex Marketing,girugämesh,,,,
Zannen Kei Rinjinbu★★☆ (Hoshi Futatsu Han), Single,26/10/2011,Media Factory,,Tomodachi Tsukuritai,Arimori Satomi,,Tom-H@ck,
Zankyou Sanka / Asa ga Kuru [Limited Edition], Single,12/01/2022,nocturne,Sony Music Labels,Aimer,Aimer,,"Tamai Kenji,Tobinai Masahiro",
Zankyou Sanka / Asa ga Kuru [Limited Anime Edition], Single,12/01/2022,nocturne,Sony Music Labels,Aimer,Aimer,,"Tamai Kenji,Tobinai Masahiro",
Zankyou Sanka / Asa ga Kuru, Single,12/01/2022,nocturne,Sony Music Labels,Aimer,Aimer,,"Tamai Kenji,Tobinai Masahiro",
Zankyou Reference [Limited Edition], Album,05/10/2011,Amuse,A-Sketch,ONE OK ROCK,"Ryota [ONE OK ROCK],Taka [ONE OK ROCK],Tomoya [ONE OK ROCK]","ONE OK ROCK,Ryota [ONE OK ROCK],Taka [ONE OK ROCK],Tomoya [ONE OK ROCK],Toru [ONE OK ROCK]","akkin,Korenaga Koichi,ONE OK ROCK",
Zankyou Reference, Album,05/10/2011,Amuse,A-Sketch,ONE OK ROCK,"Ryota [ONE OK ROCK],Taka [ONE OK ROCK],Tomoya [ONE OK ROCK]","ONE OK ROCK,Ryota [ONE OK ROCK],Taka [ONE OK ROCK],Tomoya [ONE OK ROCK],Toru [ONE OK ROCK]","akkin,Korenaga Koichi,ONE OK ROCK",
Zankyou no Melody, Single,01/05/2011,,,BabyDollSymphony,,,,
Zee Avi's Nightlight, Album,22/04/2014,Little Monster Records,,Zee Avi,,,,
Zee Avi, Album,26/08/2009,Rounder Records,Universal Music Japan (2),Zee Avi,,,,
Zecchoushuu, Single,13/09/2000,Toshiba EMI,,Shiina Ringo,Shiina Ringo,,Kameda Seiji,
Zecchou*Emotion [Limited Edition], Single,30/01/2019,Aniplex,Sony Music Marketing,B-PROJECT,Shikura Chiyomaru,,"Kushita Mine,Yuki Shinichi (compositeur)",
Zecchou*Emotion, Single,30/01/2019,Aniplex,Sony Music Marketing,B-PROJECT,Shikura Chiyomaru,,"Kushita Mine,Yuki Shinichi (compositeur)",
Zecchou DAYBREAK, Single,27/08/2014,,,"Morikawa Toshiyuki,Morikubo Shotaro,Ono Kensho,Suzuki Tatsuhisa,Taniyama Kishow",Teruji Yoshizawa,,Ohnishi Shogo,
Zecchou BANG!!, Single,04/07/2012,Danger Crue Records,avex Marketing,girugämesh,,,,
Zealot City [Limited Edition], Album,11/11/2020,Warner Music Japan,Warner Music Japan,a crowd of rebellion,,,,
Zealot City, Album,11/11/2020,Warner Music Japan,Warner Music Japan,a crowd of rebellion,,,,
ZEAL of proud [Limited Edition], Single,20/01/2021,Bushiroad Music,Bushiroad Music,Roselia,Oda Asuka (parolière),"Fujinaga Ryutaro,Takeda Yusuke [Elements Garden]","Fujinaga Ryutaro,Takeda Yusuke [Elements Garden]",
ZEAL of proud, Single,20/01/2021,Bushiroad Music,Bushiroad Music,Roselia,Oda Asuka (parolière),"Fujinaga Ryutaro,Takeda Yusuke [Elements Garden]","Fujinaga Ryutaro,Takeda Yusuke [Elements Garden]",
Ze≠mare / Nureru shita, Single,26/08/2004,,,Madara,,,,
Ze Wai Ceon Coi, Digital Single,02/04/2020,The Voice Entertainment Group Limited,,Jinny Ng,,,,
ZBAM, Album,25/11/2004,avex trax,,Clazziquai,,,,
Zazen Extasy, DVD,17/09/2008,EMI Music Japan,,Shiina Ringo,Shiina Ringo,,"Kameda Seiji,Shiina Ringo",
Zazen Boys III, Album,18/01/2006,Matsuri Studio,Daiki Sound,ZAZEN BOYS,,,,
Zazen Boys II, Album,01/09/2004,Matsuri Studio,Daiki Sound,ZAZEN BOYS,,,,
Zenbu Ii (DEMO TRACK), Digital Single,02/03/2020,Studio Cubic Records,PONY CANYON,Non Stop Rabbit,,,,
Zenbu Dakishimete / Ao no Jidai [Réédition], Single,26/12/2007,Johnny's Entertainment,Sony Music Entertainment Japan,KinKi Kids,"canna,Kan Chinfa","canna,Yoshida Takuro","Shinkawa Hiroshi,Takebe Satoshi",
Zenbu Dakishimete / Ao no Jidai, Single,29/07/1998,Johnny's Entertainment,Sony Music Entertainment Japan,KinKi Kids,"canna,Kan Chinfa","canna,Yoshida Takuro","Shinkawa Hiroshi,Takebe Satoshi",
Zenbu Corona no Sei da!, Digital Single,16/03/2020,bloom,,mama.,,,,
Zenbu Boku no Sei da., Single,16/10/2020,"Codomomental, Inc.",,Zenbu Kimi no Sei da.,,,,
Zenbu Anata no Sei Nan da, Digital Single,06/05/2020,rhythm zone,avex Entertainment (2),I Don't Like Mondays.,,,,
Zenamai Shojohako Ningyo, Single,22/09/2004,,,Kokusyoku Sumire,,,,
Zen Zen Rhyme, Album,05/05/2014,Independent Issue Records,,Sang Ji Ping Cuo,,,,
Zen Yang, Album,01/01/2001,EMI Music Taiwan,,Penny Tai,,,,
Zen Sekai Teki Touch Panel, Single,13/08/2010,,,MOSAIC.WAV,,,,
Zen Nihon Omoshiro Senshuken [Type B], Album,15/03/2017,YAMAHA MUSIC COMMUNICATIONS,,Jin-Machine,,,,
Zen Nihon Omoshiro Senshuken [Type A], Album,15/03/2017,YAMAHA MUSIC COMMUNICATIONS,,Jin-Machine,,,,
Zen Mo Huan Bu Ai, Digital Single,24/08/2015,Sony Music Entertainment Taiwan,,Yang Kai Lin,"Huang Zu Yin,Yu Chen Mao",,David Anthony,
Zen Mirai, Single,02/04/2003,Stereoglider,Owl Works,throwcurve,,,,
Zen Mashi, Album,01/05/2011,,,Paraoka (cercle doujin),,,,
Zen A Men, Album,04/07/2018,Studio Cubic Records,Daiki Sound,Non Stop Rabbit,,,,
ZEN, Single,24/02/2004,,,ATTACK HAUS,"ATTACK HAUS,MASASHI [CASCADE]","ATTACK HAUS,MASASHI [CASCADE]",ATTACK HAUS,
Zenkyokushuu ~Chiran no Haha~ [Cassette], Cassette audio,26/06/2002,UNIVERSAL J,Universal Music Japan (1),Utagawa Fumiko,"Futaki Yoko,Kuraoka Hiroko,Miyagawa Hiroshi (compositeur 2),Satomura Ryuichi,Teppo Mitsusaburo,Utagawa Fumiko,Wada Kenichi","Ikeda Takaharu,Kuni Hiroshi,Miyagawa Hiroshi (compositeur 2),Oka Chiaki,Teppo Mitsusaburo",Ikeda Takaharu,
Zenkyokushuu ~Chiran no Haha~, Best Album,26/06/2002,UNIVERSAL J,Universal Music Japan (1),Utagawa Fumiko,"Futaki Yoko,Kuraoka Hiroko,Miyagawa Hiroshi (compositeur 2),Satomura Ryuichi,Teppo Mitsusaburo,Utagawa Fumiko,Wada Kenichi","Ikeda Takaharu,Kuni Hiroshi,Miyagawa Hiroshi (compositeur 2),Oka Chiaki,Teppo Mitsusaburo",Ikeda Takaharu,
Zenkyokushuu [Cassette], Cassette audio,13/07/2005,UNIVERSAL J,Universal Music Japan (1),Utagawa Fumiko,"Miyagawa Hiroshi (compositeur 2),Satomura Ryuichi,Teppo Mitsusaburo,Utagawa Fumiko,Wada Kenichi","Kuni Hiroshi,Miura Hiroaki (compositeur),Miyagawa Hiroshi (compositeur 2),Oka Chiaki,Teppo Mitsusaburo",Ikeda Takaharu,
Zenkyokushuu [1995], Best Album,07/06/1995,Taurus Records,PolyGram,Utagawa Fumiko,"Endo Minoru,Ide Haku,Mizuki Kaoru (parolier),Satomura Ryuichi,Suzuki Munetoshi","Endo Minoru,Oka Chiaki","Ikeda Takaharu,Maeda Toshiaki,Tadano Michiyasu",
Zenkyokushuu [1995 / Cassette], Cassette audio,07/06/1995,Taurus Records,PolyGram,Utagawa Fumiko,"Endo Minoru,Ide Haku,Mizuki Kaoru (parolier),Satomura Ryuichi,Suzuki Munetoshi","Endo Minoru,Oka Chiaki","Ikeda Takaharu,Maeda Toshiaki,Tadano Michiyasu",
Zenkyokushuu '98 ~Hokutou Banka~ [Cassette], Cassette audio,24/11/1997,Nu Taurus,PolyGram,Utagawa Fumiko,"Futaki Yoko,Izuka Yoshimi,Kamihara Yujiro,Satomura Ryuichi","Igarashi Yasuo,Ikeda Takaharu,Kamihara Yujiro,Oka Chiaki","Ikeda Takaharu,Tadano Michiyasu",
Zenkyokushuu '98 ~Hokutou Banka~, Best Album,24/11/1997,Nu Taurus,PolyGram,Utagawa Fumiko,"Futaki Yoko,Izuka Yoshimi,Kamihara Yujiro,Satomura Ryuichi","Igarashi Yasuo,Ikeda Takaharu,Kamihara Yujiro,Oka Chiaki","Ikeda Takaharu,Tadano Michiyasu",
Zenkyokushuu '91 [Cassette], Cassette audio,14/11/1990,Taurus Records,Toshiba EMI,Utagawa Fumiko,"Endo Minoru,Ide Haku,Mizuki Kaoru (parolier)",,"Maeda Toshiaki,Tadano Michiyasu",
Zenkyokushuu '91, Best Album,14/11/1990,Taurus Records,Toshiba EMI,Utagawa Fumiko,"Endo Minoru,Ide Haku,Mizuki Kaoru (parolier)",,"Maeda Toshiaki,Tadano Michiyasu",
Zenkyokushuu, Best Album,13/07/2005,UNIVERSAL J,Universal Music Japan (1),Utagawa Fumiko,"Miyagawa Hiroshi (compositeur 2),Satomura Ryuichi,Teppo Mitsusaburo,Utagawa Fumiko,Wada Kenichi","Kuni Hiroshi,Miura Hiroaki (compositeur),Miyagawa Hiroshi (compositeur 2),Oka Chiaki,Teppo Mitsusaburo",Ikeda Takaharu,
Zenkyokushuu, Album,02/11/2005,,,Yoshi Ikuzo,Yoshi Ikuzo,,"Ikeda Takaharu,Kyo Kensuke",
Zenkyoku Shu, Album,24/03/2004,TEICHIKU RECORDS,TEICHIKU ENTERTAINMENT,Kaji Meiko,"Ito Shunya,Koike Kazuo","Hirao Masaaki,Kikuchi Shunsuke (compositeur)",Kikuchi Shunsuke (compositeur),
Zenkyoku Nyuukon, Album,11/01/2016,XIV MUSIQUE,,Beboga! (Niji no Conquistador Ki Gumi),,,,
Zenkoku Seiha, Album,07/10/2009,rhythm zone,avex Marketing,Takeuchi Riki,,,,
Zenkoku e JUMP Tour 2013, DVD,13/11/2014,J Storm,Sony Music Entertainment Japan,Hey! Say! JUMP,"Ami (J-Pop),EMI K. Lynn,Komei Kobayashi,Kubota Yoji,ma-saya,Morikawa Kaori,MSS,Murano Chokkyu,Nakajima Yuto,Nojima Shinji,Okajima Kanata,Okamoto Keito,Yabu Kota,Yaotome Hikaru,zopp","Andreas Öhrn,BOUNCEBACK,Filip Lindfors,h-wonder,Hara Kazuhiro (compositeur),Henrik Smith,Itagaki Yusuke (compositeur),Kato Yusuke (compositeur),Makaino Koji,Narumi Kazuto,Shigenaga Ryosuke,Steven Lee,Tommy Clint,TSUKASA (compositeur),Yaotome Hikaru","CHOKKAKU,Funayama Motoki,ha-j,Iehara Masaki,IkutaMachine,Ishizuka Tomoki,Isozaki Takeshi,Kawabata Yoshimasa,Makaino Koji,Niklas Edberger,Sato Yasumasa,Shimizu Akio,Steven Lee,Suzuki Masaya (compositeur),Takahashi Tetsuya (compositeur),Tommy Clint,Yoshioka Taku,Yuki Shinichi (compositeur)",
"Zenkeishiki Kusari Hateru Ima, Yuiitsu...", Single,27/02/2005,,,RENTRER EN SOI,,,,
Zenryoku☆Summer!, Single,05/07/2017,King Records,King Records,angela,atsuko [angela],"atsuko [angela],KATSU [angela]",KATSU [angela],
Zenryoku! Start / Yume no Tsuzuki, Single,20/05/2015,PONY CANYON,,Ganbare! Victory,Ganbare! Victory,,,
Zenryoku Shounen Remastered, Digital Single,03/04/2020,Augusta Records,Universal Music Japan (2),Sukima Switch,,,,
Zenryoku Shounen [Limited Edition], Single,20/04/2005,Augusta Records,Sony Music Entertainment Japan,Sukima Switch,"Ohashi Takuya,Tokita Shintaro","Ohashi Takuya,Tokita Shintaro",,
Zenryoku Shounen (produced by Tamio Okuda) [Limited Pressing], Single,30/11/2016,Ariola Japan,Sony Music Entertainment Japan,Sukima Switch,"Ohashi Takuya,Tokita Shintaro","Ohashi Takuya,Tokita Shintaro",Okuda Tamio,
Zenryoku Shounen, Single,20/04/2005,Augusta Records,Sony Music Entertainment Japan,Sukima Switch,"Ohashi Takuya,Tokita Shintaro","Ohashi Takuya,Tokita Shintaro",,
Zenryoku Jump! [Limited Edition / Type D], Single,11/09/2013,OMAGATOKI,Columbia Marketing,HR,,,,
Zenryoku Jump! [Limited Edition / Type C], Single,11/09/2013,OMAGATOKI,Columbia Marketing,HR,,,,
Zenryoku Jump! [Limited Edition / Type B], Single,11/09/2013,OMAGATOKI,Columbia Marketing,HR,,,,
Zenryoku Jump! [Limited Edition / Type A], Single,11/09/2013,OMAGATOKI,Columbia Marketing,HR,,,,
Zenryoku Jump!, Single,11/09/2013,OMAGATOKI,Columbia Marketing,HR,,,,
Zenryoku Hero, Digital Single,31/03/2016,Kobasolo,,Kobasolo,,,,
Zenryoku Batankyuu, Single,10/02/2016,ARUTEMATE,SPACE SHOWER NETWORKS,AOP,Ikenami Anju,,"Ariki Tatsuro,Ikenami Anju",
Zenkyokushuu Yuki ga Furu, Best Album,22/11/2006,Columbia Music Entertainment,,Tagawa Toshimi,"Aku Yu,Ikeda Mitsuo,Itsuki Hiroyuki,Mizuki Reiji,Ogura Kei,Saito Daizo,Sakaguchi Teruyuki,Taka Takashi,Takino Eiji,Yuuki Keiko","Horiuchi Takao,Ito Yukihiko (compositeur),Miyuki Kohei,Ogura Kei,Otani Meiyu,Suzuki Jun (compositeur),Tokuhisa Koji,Yomo Akito","Ido Norio,Maeda Toshiaki,Nango Tatsuya,Ryuzaki Koji,Wakakusa Kei",
Zenkyokushuu Koko wa Minatomachi, Best Album,23/11/2005,Columbia Music Entertainment,,Tagawa Toshimi,"Aku Yu,Ikeda Mitsuo,Itsuki Hiroyuki,Mizuki Reiji,Saito Daizo,Sakaguchi Teruyuki,Satomura Ryuichi,Takino Eiji,Yuuki Keiko","Horiuchi Takao,Ito Yukihiko (compositeur),Miyuki Kohei,Oka Chiaki,Otani Meiyu,Suzuki Jun (compositeur),Tokuhisa Koji,Yomo Akito","Ido Norio,Maeda Toshiaki,Nango Tatsuya,Ryuzaki Koji,Wakakusa Kei",
Zenkyokushuu Isoshigi - 2004, Album,20/10/2004,,,Kobayashi Sachiko,"Hoshino Tetsuro,Nakajima Miyuki,Takino Eiji","Endo Minoru,Nakajima Miyuki,Takino Eiji","Hagita Mitsuo,Saito Tsuneo,Sono Hiroaki",
Zenkyokushuu 2012, Best Album,30/11/2011,NAYUTAWAVE RECORDS,Universal Music Japan (2),Utagawa Fumiko,"Izuka Yoshimi,Miyagawa Hiroshi (compositeur 2),Mizuki Kaoru (parolier),Ono Katsuhiko,Satomura Ryuichi,Teppo Mitsusaburo,Utagawa Fumiko,Wada Kenichi","Endo Minoru,Goda Michito,Igarashi Yasuo,Kuni Hiroshi,Miura Hiroaki (compositeur),Miyagawa Hiroshi (compositeur 2),Oka Chiaki,Teppo Mitsusaburo","Ikeda Takaharu,Maeda Toshiaki,Tadano Michiyasu",
ZERO : FEVER Part.1 [INCEPTION Ver.], Mini-Album,29/07/2020,KQ Entertainment,,ATEEZ,"BUDDY (compositeur),EDEN (chanteur),Hong Joong [ATEEZ],Isaac Han,LEEZ,Min Gi [ATEEZ],Oliv,Ollounder,Peperoni,Sophiya","BUDDY (compositeur),EDEN (chanteur),Hong Joong [ATEEZ],LEEZ,Oliv,Ollounder,Peperoni","BUDDY (compositeur),EDEN (chanteur),Hong Joong [ATEEZ],LEEZ,Oliv,Ollounder,Peperoni",
ZERO : FEVER Part.1 [DIARY Ver.], Mini-Album,29/07/2020,KQ Entertainment,,ATEEZ,"BUDDY (compositeur),EDEN (chanteur),Hong Joong [ATEEZ],Isaac Han,LEEZ,Min Gi [ATEEZ],Oliv,Ollounder,Peperoni,Sophiya","BUDDY (compositeur),EDEN (chanteur),Hong Joong [ATEEZ],LEEZ,Oliv,Ollounder,Peperoni","BUDDY (compositeur),EDEN (chanteur),Hong Joong [ATEEZ],LEEZ,Oliv,Ollounder,Peperoni",
ZERO : FEVER EPILOGUE [Z Ver.], Mini-Album,10/12/2021,KQ Entertainment,,ATEEZ,,,,
ZERO : FEVER EPILOGUE [DIARY Ver.], Mini-Album,10/12/2021,KQ Entertainment,,ATEEZ,,,,
ZERO : FEVER EPILOGUE [A Ver.], Mini-Album,10/12/2021,KQ Entertainment,,ATEEZ,,,,
ZERO, Digital Single,07/10/2021,S.A ITainment,Genie Music,CRAXY,,,,
Zero, Mini-Album,18/05/2020,INforMEL,,INforMEL,,,,
ZERO, Digital Single,23/07/2018,Nexon,LOEN Entertainment,Min Seo (chanteuse),,,,
Zero, Digital Single,23/09/2017,,,SECONDWALL,,,,
ZERO, Mini-Album,08/05/2018,Amuse Korea,Genie Music,CROSS GENE,"Bull$EyE,Cosmic Girl,Cosmic Sound,Hong Ji Yu,Jeong Yun Hwa,Yun Dak [O Broject],ZNEE","Ashley Milton,Bull$EyE,BullySongs,Cosmic Girl,Cosmic Sound,Daniel Goudie,Hong Ji Yu,Kyler Niko,Ryan S. Jhun,Scott Russell Stoddart","Bull$EyE,Cosmic Girl,Cosmic Sound,Hong Ji Yu,Kyler Niko,Laconic,Ryan S. Jhun,Scott Russell Stoddart",
Zero, Mini-Album,09/05/2018,Koga Records,,Soko ni Naru,,,,
Zero, Mini-Album,22/06/2016,TOHO Entertainment,,OnePixcel,,,,
ZERO, Album,01/07/2015,NBCUniversal Entertainment Japan,,Gero,,,,
Zero, Single,19/10/2011,TOY'S FACTORY,TOY'S FACTORY,BUMP OF CHICKEN,Fujiwara Motoo,,,
ZERO, Single,08/04/2015,Lantis,Bandai Visual,Ono Kensho,R・O・N,,R・O・N,
ZERO, Single,23/07/2014,Aniplex,,"AG7,Kobayashi Tatsuyuki","Hata Aki,KOTOKO","Asakura Noriyuki,Iwahashi Seima","Iwahashi Seima,Kume Yasutaka",
zero soul seven IV, Album,07/01/2009,,,0SOUL7,,,,
ZERO SOUL SEVEN III, Album,06/02/2008,Daiki Sound,,0SOUL7,,,,
ZERO SOUL SEVEN II, Album,02/05/2007,Daiki Sound,,0SOUL7,,,,
ZERO SOUL SEVEN, Album,13/09/2006,Daiki Sound,,0SOUL7,,,,
Zero Seisen [Limited Edition], Album,02/05/2018,B.P.RECORDS,BM.3 Music,Zero [Hz],,,,
Zero Seisen, Album,02/05/2018,B.P.RECORDS,BM.3 Music,Zero [Hz],,,,
ZERO SATISFACTION [Limited Edition], Single,21/03/2012,DefSTAR RECORDS,Sony Music Entertainment Japan,ROOKIEZ is PUNK'D,SHiNNOSUKE [ROOKIEZ is PUNK'D],,"akkin,ROOKIEZ is PUNK'D",
ZERO SATISFACTION, Single,21/03/2012,DefSTAR RECORDS,DefSTAR RECORDS,ROOKIEZ is PUNK'D,SHiNNOSUKE [ROOKIEZ is PUNK'D],,,
ZERO ONE, Album,23/10/2013,,Sony Music Entertainment Japan,DIV,CHISA [ACME],,,
Zero no Tsukaima Louise BEST, Album,04/02/2009,NIPPON COLUMBIA (2010),,Kugimiya Rie,Mori Yuriko (parolière),"Arai Riki,Makino Kousuke","Arai Riki,Watanabe Cher",
Zero no Kimochi, Single,23/08/2006,,,doa,,,,
ZERO no keifu, Album,29/09/2004,,,UCHUSENTAI:NOIZ,,,,
Zero no hana, Single,11/12/2009,,,Chain and envy,,,,
Zero no Chouritsu, Single,30/07/2008,OTOKURA RECORD,,Amano Tsuki,,,,
Zero ni Natte, Digital Single,20/10/2021,,,Shimizu Yoko,,,,
ZERO LIVE TOUR 2019 [Blu-ray], Blu-ray,29/01/2020,MASTERSIX FOUNDATION,Sony Music Labels,Kamiji Yusuke,Kamiji Yusuke,"Kamiji Yusuke,Soulife,Tanaka Hirokazu","CHOKKAKU,Soulife",
Zetsubou wo Katsubou Suru Shin Jidai, Digital Single,14/10/2019,,TuneCore Japan,USAGUILTY,,,,
"Zetsubou wo kanaderu furodokei, haiiro no piano", Album,19/09/2006,,,emmurée,,,,
Zetsubou to iu na no hanataba wo watashi ni, Single,11/05/2011,,,8-eit,,,,
Zetsubou restaurant, Single,05/08/2009,King Records,,Zetsubou Shoujotachi,Tadano Natsumi,,Hashimoto Yukari,
Zetsubou Rakuen DEMO -Digital Mix-, Digital Single,09/10/2018,Danger Crue Records,Maverick,MUCC,,,,
Zetsubou Rakuen DEMO, Cassette audio,03/10/2018,Danger Crue Records,Maverick,MUCC,,,,
Zetsubou no Oka, Single,25/07/1998,EntrancE,Warner Music Japan,Plastic Tree,Ryutaro [Plastic Tree],"Hasegawa Tadashi [Plastic Tree],Ryutaro [Plastic Tree]",,
zetsubou no hibi, Single,26/07/2006,,,Cannival Method,,,,
zetsubou no hako, Demo Tape,1993,,,Gesshoku,,,,
Zetsubou no Gosenfu, Mini-Album,23/04/2014,Starwave Records,"FWD, Inc.",Calmando Qual,,,,
Zetsubou no Cantera, Single,18/08/2009,,,Amber Bullet,,,,
Zetsubou ni Sayonara, Single,23/03/2005,Free-Will,,kagerou,,,,
Zetsubou ni Aki ta Hitobito e, Album,05/08/2007,,,GIRO,,,,
Zetsubou Membre Girl [Type B], Single,10/09/2019,0.1g no Gosan,,0.1g no Gosan,,,,
Zetsubou Membre Girl [Type A], Single,10/09/2019,0.1g no Gosan,,0.1g no Gosan,,,,
Zetsubou Membre Girl [Limited Edition], Single,10/09/2019,0.1g no Gosan,,0.1g no Gosan,,,,
Zetsubou Kinenbi, Single,09/09/2006,Positive Productions,,Tokyo Heroes,,,,
Zetten Ranbu [Blu-ray], Blu-ray,14/06/2017,Nexus,King Records,Onmyo-za,Matatabi [Onmyo-za],,,
Zetten Ranbu, DVD,14/06/2017,Nexus,King Records,Onmyo-za,Matatabi [Onmyo-za],,,
Zettareido -FINAL EDITION-, Album,15/06/2005,,,Vogus Image,,,,
Zettareido, Album,21/01/2004,Daiki Sound,,Vogus Image,,,,
Zettaiteki Seiten Aozora [Dark Cherry Edition], Single,16/11/2016,Crocodile,Universal Music Japan (2),Deguchi Aki,,,,
Zettaiteki Seiten Aozora [Crane Game Edition], Single,16/11/2016,Crocodile,Universal Music Japan (2),Deguchi Aki,,,,
Zettaiteki Seiten Aozora [aki Edition], Single,16/11/2016,Crocodile,Universal Music Japan (2),Deguchi Aki,,,,
Zettaiteki Performer, Digital Single,27/05/2020,Lantis,BANDAI NAMCO Arts,miraclesonic★expassion,,,,
Zettai☆Aishiteru! [Limited Edition], Single,23/12/2015,ZEN MUSIC,Universal Music Japan (2),MAG!C☆PRINCE,,,,
Zettai☆Aishiteru! [Limited Edition / Oshiro Hikaru ver.], Single,23/12/2015,ZEN MUSIC,Universal Music Japan (2),MAG!C☆PRINCE,,,,
Zettai☆Aishiteru! [Limited Edition / Nishioka Kengo ver.], Single,23/12/2015,ZEN MUSIC,Universal Music Japan (2),MAG!C☆PRINCE,,,,
Zettai☆Aishiteru! [Limited Edition / Nagata Kaoru ver.], Single,23/12/2015,ZEN MUSIC,Universal Music Japan (2),MAG!C☆PRINCE,,,,
Zettai☆Aishiteru! [Limited Edition / Hirano Taishin ver.], Single,23/12/2015,ZEN MUSIC,Universal Music Japan (2),MAG!C☆PRINCE,,,,
Zettai☆Aishiteru! [Limited Edition / Abe Shuhei ver.], Single,23/12/2015,ZEN MUSIC,Universal Music Japan (2),MAG!C☆PRINCE,,,,
Zettai☆Aishiteru!, Single,23/12/2015,ZEN MUSIC,Universal Music Japan (2),MAG!C☆PRINCE,,,,
Zettai! I LOVE YOU / LAST † PRAY [Limited Edition / Type B], Single,13/07/2011,ZAIN RECORDS,Being,BREAKERZ,,,,
Zettai! Part2, Single,24/10/1990,PONY CANYON,PONY CANYON,Hayasaka Yoshie,,,,
Zhi Yao He Ni Zai Yi Qi, Album,09/01/2009,,,Eric Suen,,,,
Zhi Xu Yao Yi Shou Ge (feat) Fan Fan, Single,10/2009,,,Jennifer Li (chanteuse),,,,
Zhi Xiang Chang Zhe Shou Ge Gei Ni Ting, Digital Single,16/04/2012,Ocean Butterflies International,,Ben Xi,,,,
Zhi Wo Men Chong Bai De Ou Xiang, Album,01/06/2013,Virgos Studio,,Virgos,,,,
Zhi Shi Huai Jiu Bu Suan Huai Nian, Digital Single,16/11/2014,EE-Media,,Well Lee,,,,
Zhi Shi, Album,21/08/2013,Huayin Century,,Li Zi Mo,,,,
Zhi Qin Ai De Nu Hai, Album,03/08/2012,Fresh Music Store,,Kiki Hu,,,,
Zhi Fei Ji, Digital Single,27/06/2016,Guangzhou Han Ju Media,,1931,,,,
Zhi Dao Yu Jian Ni, Digital Single,26/01/2016,Huayi Brothers,,Vanessa Kim,,,,
Zhi Ai Your Song, Digital Single,21/09/2015,Rock Forward Entertainment,Rock Forward Entertainment,Lu Han,,,,
Zhi Ai Qing Ge, Album,31/12/2009,Universal Music China,,Yang Yang (C-Pop),,,,
Zhi Ai, Album,14/03/2014,East Asia Music,,Aarif Rahman,,,,
Zhi, Digital Mini-Album,01/12/2020,TF Entertainment,,TNT (C-Pop),,,,
Zheng Zheng Liang Nian Liao, Digital Single,08/12/2017,WAJIJIWA Entertainment,,"Victor Ma,Zhou Zhen Nan",,,,
Zheng Zha, Album,26/03/1999,Huayi Brothers,,Irene Wan,,,,
Zheng Jiu Shi Jie, Album,28/03/2008,Universal Music Taiwan,,831,,,,
Zheng Hao, Digital Single,09/05/2012,,,Joey Yung,,,,
Zinnia, Single,06/06/2015,,,the Night Breeze Zinnia,,,,
Zim Leng, Album,30/03/2012,Go East Entertainment,,Kelvin Kwan,,,,
zillamode 3 with Eddy Pauer, Digital Mini-Album,18/05/2018,YOUNG THUGS CLUB,Luminant Entertainment,ZENE THE ZILLA,,,,
zillamode 2 with Playoungstic, Digital Mini-Album,16/04/2018,YOUNG THUGS CLUB,Luminant Entertainment,ZENE THE ZILLA,,,,
zillamode 1, Digital Mini-Album,16/03/2018,YOUNG THUGS CLUB,Luminant Entertainment,ZENE THE ZILLA,,,,
ZIL/GET LOST, Single,16/09/2010,,,Vacchus,,,,
ZIGZAG, Digital Single,26/02/2019,C9 Entertainment,Kakao M,Juniel,,,,
Ziggy wa kiseki ni oborenai, Single,09/12/2006,,,BABYLON (groupe),,,,
ZIGAEXPERIENTIA [Limited Edition / Type B], Album,27/11/2013,Sony Records,Sony Music Entertainment Japan,supercell,ryo [supercell],,"Crusher Kimura,ryo [supercell]",
ZIGAEXPERIENTIA [Limited Edition / Type A], Album,27/11/2013,Sony Records,Sony Music Entertainment Japan,supercell,ryo [supercell],,"Crusher Kimura,ryo [supercell]",
ZIGAEXPERIENTIA, Album,27/11/2013,Sony Records,Sony Music Entertainment Japan,supercell,ryo [supercell],,"Crusher Kimura,ryo [supercell]",
ZIG ZAG [Limited Edition], Mini-Album,04/03/2020,ELA MUSIC,JVCKENWOOD Victor Entertainment,Kimura Kaela,Kimura Kaela,"Okuda Tamio,SUEMITSU & THE SUEMITH","Avengers in sci-fi,Okuda Tamio,SUEMITSU & THE SUEMITH",
ZIG ZAG [Complete Limited Edition], Mini-Album,04/03/2020,ELA MUSIC,JVCKENWOOD Victor Entertainment,Kimura Kaela,,,,
ZIG ZAG, Mini-Album,04/03/2020,ELA MUSIC,JVCKENWOOD Victor Entertainment,Kimura Kaela,,,,
ZICO SPECIAL EDITION, Album,28/01/2016,Seven Seasons,CJ E&M,Zico,"Don Mills,Ja Mezz,JTONG,PENOMECO,The Quiett,Zico,Zion.T","Peejay,Pop Time,Zico","Peejay,Pop Time,Zico",
ZICO on the BLOCK 1.5, Mixtape,17/10/2012,Stardom Entertainment,,Zico,Zico,,,
ZICO on the Block, Mixtape,19/11/2010,,,Zico,Zico,,,
Zi You Zi Zai, Digital Single,16/12/2013,Peacock Records,,Phoenix Legend,,,,
ZOMBIE, Digital Single,04/04/2019,Green Wave,,"Double K,V-HAWK",,,,
Zoltax, Album,27/04/2016,nouveau parfum,,the LOTUS (Japon),,,,
Zoltank, Album,05/05/2010,avex trax,,Aural Vampire,,,,
ZOLLA, Digital Single,12/09/2018,AAP,Warner Music Korea,fla4free,,,,
"Zoku, Tsumetai Ame", Single,11/02/2010,,,cali≠gari,,,,
"Zoku, Mizonokuchi Taiyou Zoku", Single,25/11/2009,Victor Entertainment (1972),,manzo,,,,
Zoku・on and on and on, Digital Mini-Album,07/11/2017,avex trax,,SEAMO,,,,
Zoku・Kaeru-kun no Bouken, Digital Single,07/04/2021,studio NUI,Sony Music Labels,Necry Talkie,,,,
Zoku Kou Utau, Cover Album,20/07/2016,Colourful Records,Victor Entertainment (1972),Shibasaki Kou,,,,
Zoku Korobanu Saki no Tsue, DVD,17/12/2003,"Ki/oon Records, Inc.",Sony Music Entertainment Japan,Magokoro Brothers,,,,
Zoku Konton, Single,05/06/2013,Sony Records,Sony Music Entertainment Japan,Nakagawa Shoko,"Iwasato Yuho,meg rock","Kurosu Katsuhiko,Shiraishi Satori","Kurosu Katsuhiko,Shiraishi Satori",
Zoku, Single,01/09/2004,Toshiba EMI,,Kishidan,,,,
ZOKU, Album,12/03/2008,,,Ordermade,,,,
Zokkondition / LUCKY☆STAR, Single,07/04/2010,avex trax,,Otsuka Ai,Otsuka Ai,,"Ikoman,Otsuka Ai",
Zokkon! Penko-san [CD+DVD], Single,21/11/2012,,avex Marketing,Kamiya Hiroshi,,,,
Zokkon! Penko-san, Single,21/11/2012,,avex Marketing,Kamiya Hiroshi,,,,
Zombie Crush HEYRI OST, Digital Single,16/06/2021,GATE6,VLENDING,"Gong Min Jeong,Lee Min Ji (1988),So Jin [Girl's Day]",,,,
zoozoosea [Limited Edition], Mini-Album,19/09/2018,avex trax,avex Entertainment (1),PEDRO,,,,
zoozoosea, Mini-Album,18/09/2018,avex trax,avex Entertainment (1),PEDRO,,,,
"ZOOtto, ne♪ [CD+DVD]", Single,19/09/2012,,avex Marketing,Konishi Katsuyuki,,,,
"ZOOtto, ne♪", Single,19/09/2012,,avex Marketing,Konishi Katsuyuki,,,,
ZooRock, Single,18/03/2011,,,SIMON,,,,
ZOORECA, Album,19/03/2014,STONESHIP,KT music,Wutan,,,,
ZOOMANITY, Album,15/09/2010,Victor Entertainment (1972),,a flood of circle,,,,
ZOOM ZOOM FREESTYLE, Mixtape,15/02/2019,,,hu57la,,,,
Zoom Up★, Digital Single,26/10/2017,Being,Being,Ohguro Maki,,,,
ZOOM [VOICE Edition], Single,23/06/2021,Warner Music Japan,Warner Music Japan,CNBLUE,,,,
ZOOM [Limited Edition / Type B], Single,23/06/2021,Warner Music Japan,Warner Music Japan,CNBLUE,,,,
ZOOM [Limited Edition / Type A], Single,23/06/2021,Warner Music Japan,Warner Music Japan,CNBLUE,,,,
zoom (dani REMIX), Digital Single,09/06/2019,YUMDDA,,YUMDDA,,,,
ZOOM, Single,23/06/2021,Warner Music Japan,Warner Music Japan,CNBLUE,,,,
Zoology-Flower Best, Album,19/12/2006,,,Jazztronik,,,,
ZOOLANDER, Album,12/12/2012,cutting edge,,lecca,"CIMBA,lecca","CIMBA,dee.C,lecca,okaerio,WolfJunk","dee.C,John Fontein,lecca,okaerio,Okawa Tatsuyuki,WolfJunk",
ZOO!! [Limited Edition], Album,29/01/2020,Sony Music Associated Records,Sony Music Labels,Necry Talkie,,,,
ZOO!!, Album,29/01/2020,Sony Music Associated Records,Sony Music Labels,Necry Talkie,,,,
Zutto, Single,23/11/2011,PONY CANYON,,aiko,aiko,,,
Zutto, Single,10/12/2008,avex trax,,JAMOSA,,,,
ZUSHI, Album,16/07/2008,,Universal Music Japan (1),Kimaguren,KUREI [Kimaguren],,GIRA MUNDO,
Zurui yo... / I Wish, Single,11/01/2012,PONY CANYON,,Masuwaka Tsubasa,"Masuwaka Tsubasa,Sato Ema",,meister,
Zurui yo Zurui ne [Type D], Single,30/10/2019,SACRA MUSIC,Sony Music Entertainment Japan,=LOVE,Sashihara Rino,"Kokubo Yuki,Nagano Saori,Nagasawa Chiaki,Tabata Takeshi,YUU for YOU","Furukawa Takahiro,Yuasa Atsushi,YUU for YOU",
Zurui yo Zurui ne [Limited Edition / Type C], Single,30/10/2019,SACRA MUSIC,Sony Music Entertainment Japan,=LOVE,Sashihara Rino,"Nagano Saori,Nagasawa Chiaki",Yuasa Atsushi,
Zurui yo Zurui ne [Limited Edition / Type B], Single,30/10/2019,SACRA MUSIC,Sony Music Entertainment Japan,=LOVE,Sashihara Rino,"Nagano Saori,Nagasawa Chiaki,Tabata Takeshi","Furukawa Takahiro,Yuasa Atsushi",
Zurui yo Zurui ne [Limited Edition / Type A], Single,30/10/2019,SACRA MUSIC,Sony Music Entertainment Japan,=LOVE,Sashihara Rino,"Kokubo Yuki,Nagano Saori,Nagasawa Chiaki,YUU for YOU","Yuasa Atsushi,YUU for YOU",
Zurui Onna, Single,03/05/1995,BMG Victor,,Sharam Q,Tsunku♂,,"Taisei,Tsunku♂",
Zurück zu dir, Digital Single,02/06/2017,Universal Publishing Production Music,,Jannine Weigel,,,,
Zuo Shang Jiao De Ni, Digital Single,23/07/2015,JMXG Entertainment,,Xu Qian Qian,,,,
Zuo Qu Jia, Digital Single,24/03/2014,Linfair Records,,Li Rong Hao,,,,
Zuo Dui, Album,06/08/2012,Universal Music Taiwan,,Shara Lin,,,,
Zuo Ai Zuo De Shi, Album,2001,,,Yu Fei Men,,,,
Zundoko Paradise [Limited Edition / Type B], Single,04/02/2015,Johnny's Entertainment,Sony Music Entertainment Japan,Johnny's WEST,,,,
Zundoko Paradise [Limited Edition / Type A], Single,04/02/2015,Johnny's Entertainment,Sony Music Entertainment Japan,Johnny's WEST,,,,
Zundoko Paradise, Single,04/02/2015,Johnny's Entertainment,Sony Music Entertainment Japan,Johnny's WEST,,,,
Zutto... / Last minute / Walk [Music Card 2], Music Card,24/12/2014,avex trax,,Hamasaki Ayumi,Hamasaki Ayumi,"Komuro Tetsuya,Tago Kunio,Yukumi Tetsuya","Nakano Yuta (compositeur),tasuku",
Zutto... / Last minute / Walk [Music Card 1], Music Card,24/12/2014,avex trax,,Hamasaki Ayumi,Hamasaki Ayumi,"Komuro Tetsuya,Tago Kunio,Yukumi Tetsuya","Nakano Yuta (compositeur),tasuku",
Zutto... / Last minute / Walk [Limited Edition / TeamAyu], Single,24/12/2014,avex trax,,Hamasaki Ayumi,Hamasaki Ayumi,"Komuro Tetsuya,Tago Kunio,Yukumi Tetsuya","Nakano Yuta (compositeur),tasuku",
Zutto... / Last minute / Walk [Itunes Version], Digital Single,24/12/2014,avex trax,avex Entertainment (1),Hamasaki Ayumi,Hamasaki Ayumi,"Komuro Tetsuya,Tago Kunio,Yukumi Tetsuya","Nakano Yuta (compositeur),tasuku",
Zutto... / Last minute / Walk, Single,24/12/2014,avex trax,,Hamasaki Ayumi,Hamasaki Ayumi,"Komuro Tetsuya,Tago Kunio,Yukumi Tetsuya","Nakano Yuta (compositeur),tasuku",
Zutto., Single,02/03/2011,UNIVERSAL J,Universal Music Japan (2),Aoyama Thelma,Aoyama Thelma,"Aoyama Thelma,Erik Lidbom,Shingo.S","Erik Lidbom,Shingo.S",
"Zutto,,,", Digital Single,07/07/2021,Ariola Japan,Sony Music Labels,Harumi,,,,
"Zutto, Futari de [Limited Edition]", Single,26/07/2017,Colourful Records,Victor Entertainment (1972),Ieiri Leo,"Ieiri Leo,Sugiyama Katsuhiko,Tortoise Matsumoto","Ieiri Leo,Sugiyama Katsuhiko,Tortoise Matsumoto","Sugiyama Katsuhiko,Suzuki ""Daichi"" Hideyuki,Yamaguchi Takashi (1977)",
"Zutto, Futari de [Complete Limited Edition]", Single,26/07/2017,Colourful Records,Victor Entertainment (1972),Ieiri Leo,"Ieiri Leo,Sugiyama Katsuhiko,Tortoise Matsumoto","Ieiri Leo,Sugiyama Katsuhiko,Tortoise Matsumoto","Sugiyama Katsuhiko,Suzuki ""Daichi"" Hideyuki,Yamaguchi Takashi (1977)",
"Zutto, Futari de", Single,26/07/2017,Colourful Records,Victor Entertainment (1972),Ieiri Leo,"Ieiri Leo,Sugiyama Katsuhiko,Tortoise Matsumoto","Ieiri Leo,Sugiyama Katsuhiko,Tortoise Matsumoto","Sugiyama Katsuhiko,Suzuki ""Daichi"" Hideyuki,Yamaguchi Takashi (1977)",
ZUTTO ZUuTTO, Single,14/05/1997,avex trax,,Amagata Naomi,,,,
Zutto Zutto..., Single,24/03/2006,,Sony Music Entertainment Japan,TiA (J-Pop),,,,
Zutto Zutto Zutto, Digital Single,04/06/2021,Epic Records Japan,Sony Music Labels,Ryokuoushoku Shakai,,,,
Zutto Zutto Tomodachi [Limited Edition], Single,16/05/2012,,Universal Music Japan (2),Ashida Mana,,,,
zutto zutto ishyou ni itai noni, Single,10/10/2003,,,Under (2003),,,,
Zutto Wasurenai, Single,03/03/1993,Victor Entertainment (1972),Victor Entertainment (1972),SMAP,,,,
Zutto Summer de Koishiteru [Niji Edition], Single,12/09/2018,King Records,King Records,Niji no Conquistador,,,,
ZZZ.., Digital Single,25/05/2017,One Shot Entertainment,Danal Entertainment,S2U,,,,
zzz, Digital Single,22/03/2021,Universal Music Korea,Universal Music Korea,YOUHA (K-Pop),,,,
ZZZ, Mini-Album,15/10/2018,The Black Label,Genie Music,Zion.T,"Dear (parolier),DJ Dopsh,E-Sens,Zion.T","Joe Rhee,Oh Hyuk,Park Jun Woo (compositeur),Peejay,Seo Won Jin,Slom,Yun Seok Cheol (compositeur),Zion.T","Joe Rhee,Park Jun Woo (compositeur),Peejay,Seo Won Jin,Slom,Yun Seok Cheol (compositeur)",
Zzz, Single,25/05/2011,,,Sasaki Sayaka,Hyadain,,Hyadain,
Zzing & Zzan, Digital Single,25/06/2007,Wooju Entertainment,Mnet Media,Cho Hye Lyun,,,,
ZZB, Album,14/12/2005,avex trax,,ZZ,SOTARO [ZZ],,ZZ,
Zzang Christmas, Digital Single,17/12/2013,YNB Entertainment,LOEN Entertainment,BESTie,Yoo Se Yoon,"Crazy Female,Crazy Park","Crazy Female,Crazy Park",
Zza Zza la, Single,19/12/2008,,,Saranyu Winaipanit,,,,
ZZ's, Digital Best Album,31/01/2020,EVIL LINE RECORDS,King Records,Momoiro Clover Z,"Hyadain,Mori Yukinojo,Revo","Hyadain,NARASAKI,Revo","NARASAKI,Revo,Tatsuo [everset],Yuyoyuppe",
ZZ, Album,03/02/2010,,,ZZ PRODUCTION,,,,
Zyuden Sentai Kyoryuger Shudaika [Limited Edition], Single,13/03/2013,NIPPON COLUMBIA (2010),,"Kamata Shogo,Takatori Hideaki","Fujibayashi Shoko,Takatori Hideaki,Yatsude Saburo","Mochida Yusuke,Takatori Hideaki","Kagoshima Hiroaki,Mochida Yusuke,Yamashita Kosuke",
Zyu Ding Jat Go Jan, Digital Single,05/08/2014,Neway Star Music,,Regen Cheung,,,,
Zygomycota, Mini-Album,05/06/2013,,,a crowd of rebellion,,,,
Zxis, Single,08/02/2010,,,Delight (2009),,,,
Zutto... Issho / Makenai ~Ichizu Version~, Single,13/01/2005,avex trax,,Chihara Minori,"Ebine Yuko,Kimoto Keiko","Hatanaka Tsukasa,Makino Nobuhiro","Ando Takahiro,Makino Nobuhiro",
Zutto... / Last minute / Walk [Music Card 3], Music Card,24/12/2014,avex trax,,Hamasaki Ayumi,Hamasaki Ayumi,"Komuro Tetsuya,Tago Kunio,Yukumi Tetsuya","Nakano Yuta (compositeur),tasuku",
Zutto Summer de Koishiteru [Limited Edition / Murasaki Edition], Single,12/09/2018,King Records,King Records,Niji no Conquistador,,,,
Zutto Summer de Koishiteru [Limited Edition / Midori Edition], Single,12/09/2018,King Records,King Records,Niji no Conquistador,,,,
Zutto Summer de Koishiteru [Limited Edition / Ki Edition], Single,12/09/2018,King Records,King Records,Niji no Conquistador,,,,
Zutto Summer de Koishiteru [Limited Edition / Daidai Edition], Single,12/09/2018,King Records,King Records,Niji no Conquistador,,,,
Zutto Summer de Koishiteru [Limited Edition / Ao Edition], Single,12/09/2018,King Records,King Records,Niji no Conquistador,,,,
Zutto Summer de Koishiteru [Limited Edition / Aka Edition], Single,12/09/2018,King Records,King Records,Niji no Conquistador,,,,
Zutto Summer de Koishiteru [Limited Edition / Ai Edition], Single,12/09/2018,King Records,King Records,Niji no Conquistador,,,,
Zutto Suki de Ii Desu ka [Limited Edition], Single,23/02/2005,zetima,Sony Music Distribution Japan,Matsuura Aya,Tsunku♂,"Imai Chihiro (compositeur),Tsunku♂","Konishi Takao,Suzuki ""Daichi"" Hideyuki,Suzuki Shunsuke (compositeur)",
Zutto Suki de Ii Desu ka, Single,23/02/2005,zetima,Sony Music Distribution Japan,Matsuura Aya,Tsunku♂,"Imai Chihiro (compositeur),Tsunku♂","Konishi Takao,Suzuki ""Daichi"" Hideyuki,Suzuki Shunsuke (compositeur)",
Zutto Suki Datta ~ALL MY COVERS~ [CD+DVD], Cover Album,12/03/2014,Sony Music Associated Records,Sony Music Entertainment Japan,Nakashima Mika,"Nakashima Mika,Takano Tatsuyuki","Hakase Taro,Okano Teiichi",Hakase Taro,
Zutto Suki Datta ~ALL MY COVERS~, Cover Album,12/03/2014,Sony Music Associated Records,Sony Music Entertainment Japan,Nakashima Mika,"Nakashima Mika,Takano Tatsuyuki","Hakase Taro,Okano Teiichi",Hakase Taro,
Zutto Soba ni..., Single,15/04/2009,Island Records,Universal Music Japan (2),Metis,,,,
Zutto Mitsumete Itte, Single,14/08/2009,PONY CANYON,,"DJ Uto,EXIT TUNES,Xceon",,,,
Zutto Mae kara Suki Deshita., Album,29/01/2014,,,HoneyWorks,,,,
Zutto Mae Kara [Type B], Single,08/09/2010,avex trax,avex Marketing,French Kiss,Akimoto Yasushi,"Fujimoto Takanori,Ryo [defspiral]","Nonaka ""Masa"" Yuichi,Ryo [defspiral]",
Zutto Mae Kara [Type A], Single,08/09/2010,avex trax,avex Marketing,French Kiss,Akimoto Yasushi,,Ryo [defspiral],
Zutto Mae Kara, Single,08/09/2010,avex trax,avex Marketing,French Kiss,Akimoto Yasushi,,Ryo [defspiral],
Zutto Koko Kara, Single,10/08/2011,avex trax,,JURIAN BEAT CRISIS,,,,
Zutto Kitto Kanau, Digital Single,29/06/2018,Warner Music Japan,Warner Music Japan,chay,,,,
Zutto Kitto, Single,15/08/2012,PONY CANYON,,Hirano Aya,Matsui Goro,,CHiCO,
Zutto Kimi wo Miteiru, Digital Single,08/02/2012,,,Nakamura Ataru,Nakamura Ataru,,,
Zutto Kimi to..., Single,28/09/2011,FAR EASTERN TRIBE RECORDS,Universal Music Japan (2),INFINITY16,,,,
Zutto Itsumo Futari de feat. Momo, Single,14/04/2010,TSUBASA RECORDS,,KUMI,,,,
Zutto Issho sa, Single,12/03/2008,Warner Music Japan,,Yamashita Tatsuro,,,,
Zutto Issho ni..., Digital Single,12/12/2012,plusGROUND,Victor Entertainment (1972),Yamaguchi Lisa,,,,
Zutto issho, Single,27/08/2008,TOY'S FACTORY,,JAY'ED,,,,
Zutto Futari de..., Single,17/05/1995,,,GLAY,,,,
Zutto Futari de, Single,12/08/2009,NAYUTAWAVE RECORDS,Universal Music Japan (2),BENI,"BENI,Fujibayashi Shoko,Yoshino Masataka","BENI,Imai Daisuke,YANAGIMAN,Yoshino Masataka","Imai Daisuke,YANAGIMAN",
Zutto ChamJam, Mini-Album,12/02/2020,PONY CANYON,PONY CANYON,ChamJam,"Hizashi,MIZUE,U [Funta]","Hizashi,Sumida Shinya,Yoshimi Hideki",Yoshimi Hideki,
Zutto Ana wo Horitsuzuketeiru, Single,09/04/2003,"Ki/oon Records, Inc.",Sony Music Entertainment Japan,YO-KING,,,,
Zutto [Sako Tomohisa x Kimi to Boku 2 / Limited Edition], Single,06/06/2012,SME Records,Sony Music Entertainment Japan,Sako Tomohisa,"Ogawa Tomoyuki,Sako Tomohisa",,Mori Sorao,
Zutto [Limited Edition], Single,06/06/2012,SME Records,Sony Music Entertainment Japan,Sako Tomohisa,"Ogawa Tomoyuki,Sako Tomohisa",,Mori Sorao,
Zutto, Single,06/06/2012,SME Records,Sony Music Entertainment Japan,Sako Tomohisa,"Ogawa Tomoyuki,Sako Tomohisa",,Mori Sorao,
Zukkoke Otokomichi [Réédition], Single,01/07/2015,INFINITY RECORDS,Sony Music Entertainment Japan,Kanjani∞,"Arata Mika,MASA (parolier),Shirai Yuhki,Uenaka Joya","Hamada Pierre Yusuke,Kato Yusuke (compositeur),Makaino Koji","Makaino Koji,Shirai Ryomei,Suzuki Masaya (compositeur)",
Zukkoke Otokomichi [Limited Edition], Single,11/04/2007,Imperial Records,TEICHIKU ENTERTAINMENT,Kanjani∞,"MASA (parolier),Uenaka Joya","Hamada Pierre Yusuke,Makaino Koji","Makaino Koji,Shirai Ryomei",
Zukkoke Otokomichi, Single,11/04/2007,Imperial Records,TEICHIKU ENTERTAINMENT,Kanjani∞,"Arata Mika,MASA (parolier),Shirai Yuhki,Uenaka Joya","Hamada Pierre Yusuke,Kato Yusuke (compositeur),Makaino Koji","Makaino Koji,Shirai Ryomei,Suzuki Masaya (compositeur)",
Zukan, Album,21/01/2000,SPEEDSTAR RECORDS,Victor Entertainment (1972),Quruli,,,,
Zui Xuan Min Zu Feng, Album,02/06/2009,,,Phoenix Legend,,,,
Zui Xiang Si, Single,10/10/2008,,,Zhao Ke,,,,
Zui Wan Mei Zhu Jiao, Digital Single,15/05/2018,ATV Music,,Nate Huang,,,,
Zui Ran De Mao Xian, Digital Single,31/05/2019,Yum Music,,Wang Yi Bo,,,,
Zui Miao Xiang, Album,23/07/2007,Universal Music China,,A You Duo,,,,
Zui Meng Qian Chen, Digital Single,19/06/2018,Tencent Video,,Terry Lin,Sun Yu Jing,,Baby Chung,
Zui Mei De Qing Ren Jie, Digital Single,01/01/2010,Bermu Culture,,Nicole He,,,,
Zui Jin Hai Hao Me, Album,18/06/2013,Seed Music,,Niko Sun,,,,
Zui Hou Zui Ai De Ren, Album,04/04/2013,Water Music,,Cao Xi Wen,,,,
Zui Hou De Wei Xiao, Digital Single,27/12/2010,China Record Corporation,,Jiang Xue Er,,,,
Zui Hou De Lian Ren, Digital Single,21/12/2015,T.H Entertainment,,Ji Ke Jun Yi,,,,
Zui Hao De Yuan Lai Shi Zui Jian Dan De, Album,15/06/2012,,,Kenny Bee,,,,
Zui Chu De Zhu Yuan, Mini-Album,24/12/2017,Shanghai Star48 Culture & Media,,SNH48 GROUP,,,,
Zui Ai De Ren, Digital Single,14/03/2016,Universal Music Taiwan,,Nana Lee,,,,
Zui, Album,18/07/2001,Suleputer,,Morikubo Shotaro,"Inoue Nittoku,Morikubo Shotaro","Inoue Nittoku,Morikubo Shotaro",Inoue Nittoku,
Zu Qiu Ying Xiong, Digital Single,29/09/2015,Xian Yin Music,,Meng Meng Da Tian Tuan,,,,
"ZTAO, Diplo&MØ - Stay Open", Digital Single,14/09/2018,Huang Z.Tao Studio,,Z.Tao,,,,
Zsasz, Digital Mini-Album,21/01/2020,,,Zsasz,,,,
Zpop Dream, Digital Single,22/02/2019,Zenith Media Contents,Genie Music,"Z-BOYS,Z-GIRLS,Z-Stars","Andreas Öhrn,eastwest,Jia Yune,Maxine,Okajima Kanata","Abi F Jones,Andreas Öhrn,eastwest,iLLA,Mad Soul Child,Maxine,Okajima Kanata,Yeul","Abi F Jones,Andreas Öhrn,eastwest,Yeul",
Zoy, Album,05/11/2008,YAMAHA MUSIC COMMUNICATIONS,,Sakamoto Miu,,,,
Zouni de Kenkashiten Ja Nee yo, Digital Single,22/12/2017,UP-FRONT WORKS,UP-FRONT WORKS,"Kawamura Ayano,Makino Maria,Miyazaki Yuka",,,,
Zouki no Nozokiana., Mini-Album,10/08/2016,Daiki Sound,,Kuroyuri to Kage,,,,
Zouka ga warau, Single,21/07/2002,,,ACIDMAN,,,,
"Zouho Kaitei Kanzenban ""Band B no Best"" [Limited Edition]", Best Album,28/09/2016,EMI Records,Universal Music Japan (2),Base Ball Bear,Koide Yusuke,,"Base Ball Bear,Tamai Kenji",
"Zouho Kaitei Kanzenban ""Band B no Best""", Best Album,28/09/2016,EMI Records,Universal Music Japan (2),Base Ball Bear,Koide Yusuke,,"Base Ball Bear,Tamai Kenji",
Zou Zau Gang Hou, Digital Single,31/12/2019,Emperor Entertainment Group,,Joey Yung,,,,
Zou Jin Ni De Meng, Digital Single,07/04/2013,EE-Media,,Chris Lee (chanteuse),,,,
Zou Ba Zou Ba, Digital Single,05/01/2016,Power Tong Culture,,Xiao Xiao,,,,
Zopiel, Single,13/08/2008,Free-Will,,Lamina,,,,
Zoo Zoo Zoo, Album,10/10/2007,,,Mix Market,,,,
Zoo & Lennon, Album,17/10/2009,,,0.8 Byou to Shougeki.,,,,
ZOO, Mixtape,13/04/2020,,,CHERRY BOY 17,,,,
ZOO, Digital Mini-Album,23/08/2020,Beautiful Noise,Sony Music Entertainment Korea,Wonstein,,,,
Zôo, Single,31/12/2005,,,THE EIGHT,,,,
ZONE//ALONE, Single,11/07/2012,Lantis,,Chihara Minori,Hata Aki,,Kikuta Daisuke (compositeur),
ZoNE-iT [Limited Edition], Single,05/11/2014,Warner Bros. Home Entertainment,Warner Bros. Home Entertainment,KOTOKO,KOTOKO,"Kon-K,Saito Shinya (compositeur)","Kon-K,Saito Shinya (compositeur)",
ZoNE-iT, Single,05/11/2014,Warner Bros. Home Entertainment,Warner Bros. Home Entertainment,KOTOKO,KOTOKO,"Kon-K,Saito Shinya (compositeur)","Kon-K,Saito Shinya (compositeur)",
Zone Tripper, Album,19/10/1999,,,FRICTION,,,,
ZONE Tribute ~Kimi ga Kureta Mono~, Tribute Album,10/08/2011,,Sony Music Entertainment Japan,"bump.y,ClariS (J-Pop),Hayami Saori,Nakagawa Shoko,SCANDAL,Sphere,Stereopony,TOKYO GIRLS' STYLE,Tomato n'Pine,Tomatsu Haruka,yanaginagi,ZONE","Isshiki Soran,Kusunose Takuya,Machida Norihiko,Nagase Miyu,Sakurai Shinichi,Watanabe Miki,Watanabe Natsumi (parolière),ZONE","ha-j,Haneoka Kei,Hara Kazuhiro (compositeur),KAIDO,Machida Norihiko,Sakurai Shinichi,Watanabe Miki,Yoshimatsu Takashi","Abe Yoshinori,CHOKKAKU,genepool,ha-j,KAIDO,Nagaoka Seiko,Nakamura Jin,Otsubo Naoki,Takahashi KATSU,Torajirou,Yamahara Kazuhiro",
Zone Out, Digital Single,10/11/2014,Koffee Dream Entertainment,,Dabit,,,,
Zone of the Enders, Single,23/05/2001,Lantis,King Records,LAZY (J-rock),,,,
ZONE OF GOLD [CD+DVD+GOODS], Album,15/01/2020,rhythm zone,avex Entertainment (2),Imaichi Ryuji,,,,
ZONE OF GOLD [CD+DVD], Album,15/01/2020,rhythm zone,avex Entertainment (2),Imaichi Ryuji,,,,
ZONE OF GOLD [CD+Blu-ray+GOODS], Album,15/01/2020,rhythm zone,avex Entertainment (2),Imaichi Ryuji,,,,
ZONE OF GOLD [CD+Blu-ray], Album,15/01/2020,rhythm zone,avex Entertainment (2),Imaichi Ryuji,,,,
ZONE OF GOLD, Album,15/01/2020,rhythm zone,avex Entertainment (2),Imaichi Ryuji,,,,
zone, Digital Single,12/09/2020,BEYOND LOVE,Genie Music,Minit,,,,
ZOMBIFIED, Album,31/10/2006,,,OPPOSITION PARTY,,,,
Zombies From Tokyo, Album,09/02/2007,,,Zombie Ritual,,,,
Zombies are standing out (LIVE 2019/09/08), Digital Single,18/12/2019,SME Records,Sony Music Labels,Porno Graffitti,,,,
Zombies are standing out, Digital Single,28/09/2018,SME Records,Sony Music Entertainment Japan,Porno Graffitti,,,,
ZOMBIE's LOVE LETTER [Limited Edition], Single,01/09/2017,,,0.1g no Gosan,,,,
ZOMBIE-CHANGE, Album,20/01/2016,OMAKE CLUB,BAYON PRODUCTION,ZOMBIE-CHANG,,,,
Zombie Shisu, Digital Single,22/12/2019,Zany Zap,euclid music,ZOMBIE,,,,
Zombie Run, Digital Single,25/06/2015,Modern Sound,Danal Entertainment,Underdog,,,,
ZOMBIE PARTY!, Digital Single,18/03/2014,Core Contents Media,KT music,SPEED (K-Pop),Woo Tae Woon,"Radio Galaxi,Woo Tae Woon",Radio Galaxi,
Zombie Kun, Single,26/09/2007,Daiki Sound,,metronome,,,,
Zombie High, Digital Single,04/02/2017,YYAC,Danal Entertainment,Grace (chanteuse),Grace (chanteuse),,Choi Do Gwan,
Zombie Detective OST Part. 2, Digital Single,17/10/2020,BOD Entertainment,MUSIC&NEW,LUCY (K-Ballade),Cho Won Sang,"Cho Won Sang,O.YEON","Cho Won Sang,O.YEON",
Zombie Detective OST Part. 1, Digital Single,07/10/2020,BOD Entertainment,MUSIC&NEW,I'll (chanteur),,,,
Zokkon, Digital Single,09/09/2020,SPACE SHOWER MUSIC,SPACE SHOWER MUSIC,MONO NO AWARE,Tamaoki Shukei,,MONO NO AWARE,
ZOKKON, Mini-Album,29/11/2000,Toshiba EMI,Universal Music Japan (1),CHIROLYN,,,,
Zok Je Mung Wan Zung [Vinyl], Vinyle,15/03/1988,Polydor Hong Kong,PolyGram Records,Jacky Cheung,,,,
Zok Je Mung Wan Zung, Album,15/03/1988,Polydor Hong Kong,PolyGram Records,Jacky Cheung,,,,
Zoetrope, Single,30/01/2013,NBCUniversal Entertainment Japan,,yanaginagi,yanaginagi,,Saito Shinya (compositeur),
Zoek Baan, Single,13/04/2011,Warner Music Hong Kong,,Ellen Joyce Loo,,,,
Zoë ~Beautiful World~, Single,25/02/2017,DolceStar Records,,DUSTZ,,,,
ZODIAC [HD Edition + Blu-ray], Mini-Album,20/04/2016,PONY CANYON,,UROBOROS,Kamiki Aya,,"Aoki Masahiro,eba [F.M.F],Kishida Yuki,Tom-H@ck,yamazo",
Zodiac - Twelve Prayers, Album,16/08/2008,,,"Katakiri Rekka,Shimotsuki Haruka,Takeuchi Junko (seiyu)",,,,
ZODIAC, Mini-Album,20/04/2016,PONY CANYON,,UROBOROS,Kamiki Aya,,"Aoki Masahiro,eba [F.M.F],Kishida Yuki,Tom-H@ck,yamazo",
Zodiac, Album,15/07/2009,SMOOVE RECORDS,,THE SHANGHAI RESTORATION PROJECT,,,,
ZOCK ON!, Single,19/03/2008,,Universal Music Japan (1),Teriyaki Boyz,,,,
"Ziyoou-vachi Nippon Budokan Tandoku Kouen 2days ""HYPER BLACK LOVE"" 20210224 ""Yaten Kekkou"" 20210225 [Complete Limited Edition]", Blu-ray,04/08/2021,Queen Records,Sony Music Labels,Ziyoou-vachi,Avu-chan [Ziyoou-vachi],,"Tsukada Koji,Ziyoou-vachi",
"Ziyoou-vachi Nippon Budokan Tandoku Kouen 2days ""HYPER BLACK LOVE"" 20210224 ""Yaten Kekkou"" 20210225 [Blu-ray]", Blu-ray,04/08/2021,Queen Records,Sony Music Labels,Ziyoou-vachi,Avu-chan [Ziyoou-vachi],,"Tsukada Koji,Ziyoou-vachi",
"Ziyoou-vachi Nippon Budokan Tandoku Kouen 2days ""HYPER BLACK LOVE"" 20210224 ""Yaten Kekkou"" 20210225", DVD,04/08/2021,Queen Records,Sony Music Labels,Ziyoou-vachi,Avu-chan [Ziyoou-vachi],,"Tsukada Koji,Ziyoou-vachi",
Zitten, Album,02/10/2008,,,Zitten,,,,
ZIRCONIA, Digital Single,19/10/2011,,,mochA,,,,
Ziqqurat, Mixtape,23/10/2020,Uniqker,,Yunosuke,,,,
ZIPS, Compilation,17/06/2015,PONY CANYON,,Zips,,,,
ZIPLOC, Digital Single,31/12/2018,Vismajor Company,,ODEE,,,,
Zipangu, Album,11/11/2015,TSUBASA RECORDS,,Suiyôbi no Campanella,,,,
Zipang Ooki ni Daisakusen / Yume wo Dakishimete [Limited Edition / Type C], Single,08/10/2014,Johnny's Entertainment,Sony Music Entertainment Japan,Johnny's WEST,,,,
Zipang Ooki ni Daisakusen / Yume wo Dakishimete [Limited Edition / Type B], Single,08/10/2014,Johnny's Entertainment,Sony Music Entertainment Japan,Johnny's WEST,,,,
Zipang Ooki ni Daisakusen / Yume wo Dakishimete [Limited Edition / Type A], Single,08/10/2014,Johnny's Entertainment,Sony Music Entertainment Japan,Johnny's WEST,,,,
Zipang Ooki ni Daisakusen / Yume wo Dakishimete, Single,08/10/2014,Johnny's Entertainment,Sony Music Entertainment Japan,Johnny's WEST,,,,
ZIPANG [Limited Edition / Type B], Single,06/02/2019,Virgin Music,Universal Music Japan (2),hyde (J-Rock),,,,
ZIPANG [Limited Edition / Type A], Single,06/02/2019,Virgin Music,Universal Music Japan (2),hyde (J-Rock),,,,
ZIPANG, Single,06/02/2019,Virgin Music,Universal Music Japan (2),hyde (J-Rock),,,,
ZIPANG, Album,13/08/2008,Free-Will,,D=OUT,,,,
Zion Ep, Album,20/06/2012,,,Crossfaith,,,,
Zion, Single,06/06/2003,Daiki Sound,,Crack6,,,,
ZioN, Album,19/08/2008,,,ZioN (chanteuse),,,,
Zion, Album,04/07/2007,Daiki Sound,,FULLARMOR,,,,
Zinnia, Digital Single,04/11/2020,Bliss Entertainment,2% Entertainment,Jo Myeong Seop,,,,
Zi You Nu Shen Ku Qi Le, Album,1979,,,Sarah Chen,,,,
Zi You Fa Hui, Album,05/11/2010,Universal Music Taiwan,,One Two Free,,,,
Zi Yin You Yun, Album,25/11/2011,Universal Music China,,Liu Zi Ling,,,,
Zi Wai Xian, Album,07/10/2005,,,Dizzy Dizzo,,,,
Zi Ji Mei, Album,01/12/2004,Universal Music China,,Sa Ding Ding,,,,
Zhurong's Anger, Album,2005,,,Zhurong,,,,
Zhuo Mi Cang, Album,30/05/2016,"Wonderful Music Co., Ltd.",,Ben Wu,,,,
Zhuo Ku Qing Nian Ge Chang Jia, Album,2004,,,Lei Jia (chanteuse),,,,
Zhui Meng De Jiao Bu, Digital Single,28/10/2021,Xiang Xin Ke Yi Guo Ji Chang Pian,,Ayanga,,,,
Zhui Ai, Album,18/07/2012,Mao Pai Music,,Shi Mei,,,,
Zhuang, Digital Mini-Album,12/10/2018,Tencent Music Entertainment,,Rocket Girls,Wu Qing Feng,,Ear Attack,
Zhuan Shu Meng Jing, Single,06/09/2013,Gogo Music Entertainment,,Li Wei Xi,,,,
Zhuai Shen, Album,01/10/1999,Universal Music Taiwan,,Francesca Kao,,,,
Zhu Ni Xin Nian Kuai Le, Mini-Album,24/12/2017,Shanghai Star48 Culture & Media,,SNH48 GROUP,,,,
Zhu Meng Ling Si Mei Tu, Album,15/12/2011,Starwin Music,,Li Yu Gang,,,,
Zhu Lin Yin Hu, Digital Single,20/11/2019,JC Universe Entertainment,,Yamy,,,,
Zhu Jiu Ge, Digital Single,22/01/2015,Xin Yue Yan Yi Records,,Ba Sang La Mu,,,,
Zhu Fu Zu Guo, Album,01/09/1999,Yi Ren Record,,Tang Can,,,,
Zhu Fu, Album,24/09/2009,Huayin Century,,Bai Xue (1975),,,,
Zhong Yu Deng Dao Ni, Digital Single,11/10/2013,Show City Times,,Jane Zhang,,,,
Zhong Yao De Hua Shui San Bian, Digital Single,20/04/2016,QiGu Culture,,S.I.N.G,,,,
Zhong Su, Digital Single,08/07/2021,Jia You Music,,Zheng Yun Long,,,,
Zhong Qiu, Digital Single,22/09/2015,Xian Yin Music,,Meng Meng Da Tian Tuan,,,,
Zhong Hua Yi Jia Qin, Digital Single,12/07/2015,Xian Yin Music,,Meng Meng Da Tian Tuan,,,,
Zhong Guo Meng, Album,29/01/2013,Universal Music China,,Chen Si Si,,,,
Zhong Guo Jie, Digital Single,12/02/2021,Lian He Mai Tian,,Ayanga,,,,
Zhong Guo Hao Qing Ge, Album,12/09/2014,Peacock Records,,Xu Yi Ming (chanteur),,,,
Zhong Guo Cai, Digital Single,26/03/2015,Xian Yin Music,,Meng Meng Da Tian Tuan,,,,
ZHIVAGO, Album,29/09/2004,,,JUDE (groupe),,,,
ZHI16, Mini-Album,07/04/2015,Independent Issue Records,,ZHI16,,,,
Zhi zhidao cike ai ni, Album,1985,,,Andy Lau,,,,
"Zhi Yao You Xiang Jian Di Ren, Jiu Bu Shi Gu Shen Yi Ren", Digital Single,23/02/2019,Guang Xian Cai Tiao Wu,,Roy Wang,,,,
Zheng Fu, Digital Mini-Album,14/09/2021,Tencent Music Entertainment,,Ayanga,,,,
Zhen Xi De Bei Bao, Album,01/03/1994,Warner Music Taiwan,,Alec Su,,,,
Zhen de yongxin liang ku, Album,05/01/2005,,,Zheng Yuan,,,,
Zhen Bian Ren, Digital Single,22/01/2020,Xi Gua Music,,Anson Hu,,,,
Zhè yīqiè biànhuà wú, Album,27/12/2006,,,Liquid Oxygen Tin,,,,
Zhe Yi Tian, Digital Single,18/11/2020,Zhongjiang (Beijing) Cultural Media,,Zheng Yun Long,,,,
Zhe Xue Jia, Digital Single,28/12/2012,INDIEVOX,,Ha Xiao Ma,,,,
Zhe Xie Nian, Album,12/12/2014,Cabernet Star Arts,,Liu Gang,,,,
Zhe Shi Yin Wei Wo Men Neng Gan Dao Teng Tong, Album,19/04/2013,"Wonderful Music Co., Ltd.",,Tizzy Bac,,,,
Zhe Hua, Digital Single,11/09/2019,Zhe Jiang Yue Yi Culture Media,,Mei Qi [WJSN],,,,
Zhe Ge Ren Chuang Zuo LIVE Xian Chang Ji, Digital Live Album,14/06/2018,WAJIJIWA Entertainment,,Liao Jun Tao,,,,
Zhe Bu Shi Cui Ruo, Album,03/04/2012,INDIEVOX,,Crispy,,,,
Zhe Ban Fa Sheng Shi Ting, Album,01/08/1994,Warner Music Taiwan,,Alec Su,,,,
Zhao Cai Jin Bao, Digital Single,28/11/2018,Perfect Youth,,Yang Chao Yue,,,,
Zhanguo Tu, Digital Single,08/02/2012,KarenT,,SolPie,,,,
Zhang Yan New Folk Songs Collection Album (China Version), Album,31/08/2007,Starwin Music,,Zhang Yan,,,,
Zhang Tu Ban Lü, Album,24/07/2009,,,Andy Lau,,,,
Zhang Rui, Album,12/12/2013,Dream Come True Entertainment,,Ray Cheung,,,,
Zhan Ying, Digital Single,29/10/2015,Hove Music Entertainment,,Jason Hong,,,,
Zhan Shi, Digital Single,18/12/2019,EE-Media,,Pax Congo,,,,
Zhan Shen Zhi Ge, Album,01/06/1997,EMI Music Taiwan,,Top Twinz,,,,
Zhan Dou, Album,20/06/2013,Ocean Butterflies International,,Qian Lin,,,,
Zhai Qing Ge, Album,18/09/2008,,,Mo Yan Lin,,,,
Zhai Nan Xin Zhuan, Album,25/01/2011,Perfect Culture,,Ray Chang (chanteur),,,,
Zha Jian Zhi Huan, Album,31/03/2015,D Force Records,,Hua Zhou,,,,
ZGZG, Digital Single,07/06/2019,Universal Music Korea,Universal Music Korea,SAAY,,,,
Zeus ~Legends Never Die~ [Limited Edition], Album,03/04/2019,zenorecords,Universal Music Japan (2),Jupiter (Visual kei),"HIZAKI [Jupiter],KUZE [Jupiter]","HIZAKI [Jupiter],TERU [Jupiter]",Jupiter (Visual kei),
Zeus ~Legends Never Die~, Album,03/04/2019,zenorecords,Universal Music Japan (2),Jupiter (Visual kei),"HIZAKI [Jupiter],KUZE [Jupiter]","HIZAKI [Jupiter],TERU [Jupiter]",Jupiter (Visual kei),
ZEUS (ALBUM VERSION), Single,1996,Nippon Crown Music,,Hakuei,,,,
ZEUS, Album,21/03/1998,,,【zo:diaek】,,,,
Zeus, Digital Single,03/07/2018,H1GHR MUSIC,Stone Music Entertainment,Ted Park,,,,
ZEUS, Single,20/09/1996,Nippon Crown Music,,Hakuei,,,,
ZEUS, Album,29/06/2005,,Universal Music Japan (1),La'cryma Christi,,,,
Zettai Zetsumei / Lamp [Limited Pressing], Single,13/03/2019,Sony Music Associated Records,Sony Music Labels,Cö shu Nie,Nakamura Miku,,Cö shu Nie,
Zettai Zetsumei / Lamp, Single,13/03/2019,Sony Music Associated Records,Sony Music Labels,Cö shu Nie,Nakamura Miku,,Cö shu Nie,
Zettai Zetsumei (micoon remix), Digital Single,24/04/2019,Sony Music Associated Records,Sony Music Labels,Cö shu Nie,Nakamura Miku,,Cö shu Nie,
Zettai Zetsumei - From THE FIRST TAKE, Digital Single,16/11/2021,THE FIRST TAKE MUSIC,Sony Music Marketing United,Cö shu Nie,Nakamura Miku,,Cö shu Nie,
Zettai Zetsumei, Digital Single,16/06/2021,SACRA MUSIC,Sony Music Labels,EGOIST,,,,
Zettai Zetsumei, Digital Single,11/01/2019,Sony Music Associated Records,Sony Music Labels,Cö shu Nie,Nakamura Miku,,Cö shu Nie,
Zettai Zetsumei, Single,21/08/1978,CBS Sony,Sony Music Entertainment Japan,Yamaguchi Momoe,Aki Yoko,,Hagita Mitsuo,
Zettai Zetsumei, Album,09/03/2011,EMI Music Japan,,RADWIMPS,Noda Yojiro,,,
Zettai Teki na Kankei / Kikkake / Tooku Tooku, Single,12/03/2014,EMI Records Japan,Universal Music Japan (2),Akai Koen,,,,
Zettai Summer, Single,11/07/2007,Daiki Sound,,SMILE,,,,
Zettai Shoujo, Album,11/12/2013,,,Oomori Seiko,Oomori Seiko,,Naoe Masahiro,
Zettai Ryouiki no Kanon, Single,25/07/2007,Free-Will,,hurts,,,,
Zettai Reido θ Novatic / Hametsu no Junjou, Single,10/08/2016,flying DOG,Victor Entertainment (1972),Walküre,"Kawashima Koichi,naho,Nishi Naoki,Sakamoto Maaya,Zushi Junko","Comorita Minoru,h-wonder,Ikeda Mitsunori,Kawashima Koichi,Kitagawa Katsutoshi,Zushi Junko","Comorita Minoru,h-wonder,Ikeda Mitsunori,Kato Yusuke (compositeur),Kitagawa Katsutoshi",
Zettai Reido [Limited Anime Edition], Single,29/01/2020,Epic Records Japan,Sony Music Labels,Akai Koen,,,,
Zettai Reido, Single,29/01/2020,Epic Records Japan,Sony Music Labels,Akai Koen,,,,
Zettai Ongaku, Best Album,05/03/2014,Tokuma Japan Communications,CROWN TOKUMA music distribution,ALI PROJECT,,,"Hirano Yoshihisa,Katakura Mikiya,Watanabe Takeshi (compositeur)",
Zettai ni Dare mo, Single,26/06/1995,B-Gram RECORDS,J-DISC Being,ZYYG,Takayama Seiki,,ZYYG,
Zettai Muteki ☆Fallin' LOVE☆, Single,21/01/2015,PONY CANYON,,Chikyuu Bouei-bu,hotaru (parolier),,Okui Kosuke,
Zettai Makenai !, Single,06/08/2008,,,ASIA ENGINEER,,,,
Zettai Kibou Birthday, Single,03/08/2016,NBCUniversal Entertainment Japan,,Ogata Megumi,Ogata Megumi,,Watanabe Takuya,
Zettai Karen Children 3rd Outro Theme: Break+Your+Destiny, Single,,NBCUniversal Entertainment Japan,,"Nakamura Yuichi (seiyu),Taniyama Kishow,Yusa Koji",Mutsumi Sumiyo,,Masuda Takeshi,
Zettai Kanojo feat. Michishige Sayumi [CD+Blu-ray], Single,13/03/2019,avex trax,avex Entertainment (1),Oomori Seiko,,,,
Zettai Kanojo feat. Michishige Sayumi [2CD+DVD], Single,13/03/2019,avex trax,avex Entertainment (1),Oomori Seiko,,,,
Zettai Kanojo feat. Michishige Sayumi, Single,13/03/2019,avex trax,avex Entertainment (1),Oomori Seiko,,,,
Zettai Colorful Sengen, Single,21/01/2009,King Records,,"Chihara Minori,Inoue Marina,Sato Rina (seiyu)",,,,
Zetsurin Muryou, Single,,,,Lupo Label,,,,
Zetsumetsu Kurokami Shoujo [Type B], Single,20/07/2011,laugh out loud! records,YOSHIMOTO R and C Co.,NMB48,Akimoto Yasushi,"GRAVITY (compositeur),Ichikawa Yuichi,Kawaura Masahiro","GRAVITY (compositeur),Ichikawa Yuichi,Nonaka ""Masa"" Yuichi",
Zetsumetsu Kurokami Shoujo [Type A], Single,20/07/2011,laugh out loud! records,YOSHIMOTO R and C Co.,NMB48,Akimoto Yasushi,"GRAVITY (compositeur),Kawaura Masahiro,Tsukida Tadashi","GRAVITY (compositeur),Nonaka ""Masa"" Yuichi",
Zetsumetsu Kurokami Shoujo [Theater Edition], Single,20/07/2011,laugh out loud! records,YOSHIMOTO R and C Co.,NMB48,Akimoto Yasushi,"GRAVITY (compositeur),Ichikawa Yuichi,Nonaka ""Masa"" Yuichi,Tsukida Tadashi","GRAVITY (compositeur),Ichikawa Yuichi,Nonaka ""Masa"" Yuichi",
Zetsumetsu Kigu Shoujo!, Single,26/02/2014,flying DOG,Victor Entertainment (1972),Chisuga Haruka,,,,
Zetsumei, Single,15/10/2017,Dilemma Record,ONG DISTRIBUTION,Akaku Somatta Kioku,,,,
Zetsubousei: Hero Chiryouyaku [Limited Edition], Single,04/09/2013,Geneon Universal Entertainment Japan,Geneon Universal Entertainment Japan,suzumu,,,,
Zetsubousei: Hero Chiryouyaku, Single,04/09/2013,Geneon Universal Entertainment Japan,Geneon Universal Entertainment Japan,suzumu,,,,
Zetsubou, Single,29/03/2021,,,ALCYON,,,,
Zetsubo no Taiyo, Single,03/04/2013,Brand's Record,,Awoi,,,,
Zetsubo no asa Bokuha Jiyuu wo Teni Irete Shimatta, Single,10/08/2005,,,the Pumpkin Head,,,,
Zetsubo no Asa, Single,29/04/2015,Daiki Sound,,Grieva,,,,
Zetsu Zetsu EP, Single,22/02/2017,Ariola Japan,Sony Music Entertainment Japan,Swimy,Takumi [Swimy],,"Swimy,Wakui Keiichi",
Zetsu ~zetsu~, Single,28/07/2004,,,the GazettE,RUKI [the GazettE],,,
Zetsu -Pride of the clan-, Single,17/12/2019,PARAGUAS,,CULA,,,,
ZēTēS, Mini-Album,20/04/2016,IRIS & CRISIS,,NOCTURNAL BLOODLUST,Hiro [NOCTURNAL BLOODLUST],"Cazqui [nekomanju],Daichi [CHAPTER OF PARADOSIS],Masa [NOCTURNAL BLOODLUST]",,
Zetchou, Single,25/07/1996,,,Three Eyes Jack,,,,
ZEST FOR living vol.2, Compilation,18/01/2012,BM.3 Music,,"2side1BRAIN,Acacia,Before My Life Fails,Crossfaith,engu,IZP,LOST,NEW BREED,THIS MORNING DAY,waterweed",,,,
ZEST FOR LIVING Vol.01, Compilation,11/05/2011,BM.3 Music,,"Acacia,Before My Life Fails,Crossfaith,Dead Horse Paint,engu,IZP,LOST,NEW BREED,THIS MORNING DAY,thridephotogram",,,,
Zesshou~Best of BugLug~, Best Album,05/04/2017,Resistar Records,,BugLug,Issei [BugLug],,,
Zesshou Ouka [Limited Edition], Album,08/08/2018,Danger Crue Records,,ACME,,,,
Zesshou Ouka, Album,08/08/2018,Danger Crue Records,,ACME,,,,
Zesshou · Hana to Ryuu, Single,11/01/2012,WebKoo,,Amane Satomi,,,,
Zessei Bijin, Single,26/09/2007,,,Zetsubou Shoujotachi,Tadano Natsumi,,Hashimoto Yukari,
Zessaishu [Limited Release], Album,26/09/2012,Free-Will,,Suzaku,,,,
ZERØ / MUSIC!!! [Limited Edition / Type B], Single,27/08/2008,avex trax,avex Marketing,AAA,"Matsui Goro,Shigeco Ogula,Takarano Arika","Hara Kazuhiro (compositeur),Tanaka Nao,Tsutaya Koichi","Chewzen Ogoys,Hara Kazuhiro (compositeur),Kusama Kei",
ZERO!! [Limited Edition], Single,24/04/2013,Lantis,Bandai Visual,Kuribayashi Minami,Kuribayashi Minami,,Nakatsuchi Tomohiro,
ZERO!!, Single,24/04/2013,Lantis,Bandai Visual,Kuribayashi Minami,Kuribayashi Minami,,Nakatsuchi Tomohiro,
ZERO:ATTITUDE, Digital Single,15/02/2021,Starship Entertainment,Kakao M,"IZ*ONE,So You","GALACTIKA *,pH-1","Athena,GALACTIKA *,Im Wu Bin (compositeur),Nikki Flores",Team GALACTIKA *,
Zero-Shiki, Single,19/10/2011,,,Gakido,,,,
ZERO-GO, Album,27/02/2019,U/M/A/A,,PinocchioP,,,,
Zero-G-, Single,10/05/2006,NBCUniversal Entertainment Japan,,Okui Masami,Okui Masami,"Monta,Suzuki ""Daichi"" Hideyuki","Suzuki ""Daichi"" Hideyuki",
zero zero five, Album,14/05/2000,,,Strawberry Machine,,,,
Zero Universe [Limited Edition], Single,28/10/2020,UNIVERSAL SIGMA,Universal Music Japan (2),Yamamoto Sayaka (J-pop),Yamamoto Sayaka (J-pop),,"Konagawa Takahiro,Tachizaki Yusuke,Tanaka Yusuke (compositeur)",
Zero Universe [Fan Club Limited Edition], Single,28/10/2020,UNIVERSAL SIGMA,Universal Music Japan (2),Yamamoto Sayaka (J-pop),Yamamoto Sayaka (J-pop),,"Konagawa Takahiro,Tachizaki Yusuke,Tanaka Yusuke (compositeur)",
Zero Universe, Single,28/10/2020,UNIVERSAL SIGMA,Universal Music Japan (2),Yamamoto Sayaka (J-pop),Yamamoto Sayaka (J-pop),,"Konagawa Takahiro,Tachizaki Yusuke,Tanaka Yusuke (compositeur)",
Zero To The Hero, Album,30/06/2014,MyMusic,,Magic Bus,,,,
ZERO to INFINITY, Single,09/12/2020,King Amusement Creative,King Records,Miyano Mamoru,,,,
Zero to Hero, Digital Single,26/10/2020,WR / OC,,NINEONE,,,,
Zero Sum Game / Non Zero Sum Game, Single,24/02/2016,J-DISC Being,,ViCTiM,,,,
zero soul seven V, Album,24/06/2009,,,0SOUL7,,,,
ZERO LIVE TOUR 2019, DVD,29/01/2020,MASTERSIX FOUNDATION,Sony Music Labels,Kamiji Yusuke,Kamiji Yusuke,"Kamiji Yusuke,Soulife,Tanaka Hirokazu","CHOKKAKU,Soulife",
zero kara no start, Album,13/01/2010,,,-ZEROdb,,,,
ZERO Kara Hajimete [Musing&FC Edition / Sweat regular size & Knit Cap], Single,02/06/2021,NORTHERN MUSIC,Being,Kuraki Mai,Kuraki Mai,"Erik Lidbom,Jon Hällgren,youth case",Jon Hällgren,
ZERO Kara Hajimete [Musing&FC Edition / Sweat BIG size & Knit Cap], Single,02/06/2021,NORTHERN MUSIC,Being,Kuraki Mai,Kuraki Mai,"Erik Lidbom,Jon Hällgren,youth case",Jon Hällgren,
ZERO Kara Hajimete [Meitantei Conan Edition], Single,02/06/2021,NORTHERN MUSIC,Being,Kuraki Mai,Kuraki Mai,"Erik Lidbom,Jon Hällgren,youth case",Jon Hällgren,
ZERO Kara Hajimete [Digital single], Digital Single,06/03/2021,NORTHERN MUSIC,Being,Kuraki Mai,Kuraki Mai,"Erik Lidbom,Jon Hällgren,youth case",Jon Hällgren,
ZERO Kara Hajimete, Single,02/06/2021,NORTHERN MUSIC,Being,Kuraki Mai,Kuraki Mai,"Erik Lidbom,Jon Hällgren,youth case",Jon Hällgren,
ZERO Kara Hajimeru Story, Single,26/08/2009,King Records,,WAKABA,,,,
Zero Ism, Single,15/08/2007,Free-Will,,Garret,,,,
ZERO IN, Mini-Album,05/11/2015,C.T. Entertainment,Pony Canyon Korea,ROMEO (K-Pop),"220,Albi Albertsson,Alto,Command Freaks,Eric Nam,Glory Face,Go Myeong Jae,Lee Yoon Jae (compositeur),Milo [ROMEO],Min Yeon Jae,Seung Hwan [ROMEO],sweetune","220,Albi Albertsson,Alto,Command Freaks,Eric Nam,Glory Face,Go Myeong Jae,Lee Yoon Jae (compositeur),sweetune","Glory Face,Go Myeong Jae,Lee Yoon Jae (compositeur),sweetune",
Zero Ichi Kiseki [Limited Edition], Single,25/05/2016,NBCUniversal Entertainment Japan,,Nanjo Yoshino,Nanjo Yoshino,,Hashimoto Yukari,
Zero Ichi Kiseki, Single,25/05/2016,NBCUniversal Entertainment Japan,,Nanjo Yoshino,Nanjo Yoshino,,Hashimoto Yukari,
Zero Hour, Album,15/01/2001,,,Unholy Grave,,,,
ZERO GRAVITY DISCO, Album,27/09/2006,,,Babamania,,,,
Zero Gravity, Mini-Album,04/01/2016,White Media,,ZERO-G,,,,
Zero Gravity, Album,07/04/2009,,,SPACECOWBOY,,,,
Zero For Conduct, Mini-Album,14/04/2015,Seven Seasons,CJ E&M,BASTARZ,"eSNa,Hang Li,Iggy (compositeur),Incredivle,P.O [Block B],Seo Yong Bae,XEPY,Zico","Erik Lewander,eSNa,Groovy Room,Hang Li,Iggy (compositeur),Incredivle,Martin Mulholland,P.O [Block B],Pop Time,Seo Yong Bae,Zico","Groovy Room,Iggy (compositeur),Pop Time,Seo Yong Bae,Zico",
Zero e no Chouwa, Album,15/06/2005,For Life Music Entertainment,PONY CANYON,UNDER GRAPH,,,,
"Zero Comma, Irotoridori No Sekai", Album,04/08/2010,EMI Music Japan,,MASS OF THE FERMENTING DREGS,,,,
Zero Centimeter [Artist Edition], Single,17/07/2019,TOHO animation RECORDS,TOHO,Ohara Yuiko,Ohara Yuiko,,Yoshida Minoru,
Zero Centimeter [Anime Edition], Single,17/07/2019,TOHO animation RECORDS,TOHO,Ohara Yuiko,Ohara Yuiko,,Yoshida Minoru,
ZERO / Taisetsu na Mono, Single,14/01/2017,,,+Plus,,,,
ZERO [Réédition], Album,01/10/2014,OTOKURA RECORD,,Amano Tsuki,,,,
ZERO [Limited Edition], Single,08/04/2015,Lantis,Bandai Visual,Ono Kensho,R・O・N,,R・O・N,
ZERO [Limited Edition], Album,24/04/2013,Starchild Records,King Records,angela,atsuko [angela],"atsuko [angela],KATSU [angela]",KATSU [angela],
ZERO [Limited Edition], Album,01/07/2015,NBCUniversal Entertainment Japan,,Gero,,,,
Zero [Limited Edition], Single,19/10/2011,VAP,,BUMP OF CHICKEN,Fujiwara Motoo,,,
ZERO : FEVER Part.3 [Z Ver.], Mini-Album,13/09/2021,KQ Entertainment,,ATEEZ,"BUDDY (compositeur),EDEN (chanteur),Hong Joong [ATEEZ],LEEZ,maddox,Min Gi [ATEEZ],Oliv,Ollounder,Peperoni","BUDDY (compositeur),EDEN (chanteur),Hong Joong [ATEEZ],LEEZ,maddox,Oliv,Ollounder,Peperoni","BUDDY (compositeur),EDEN (chanteur),Hong Joong [ATEEZ],LEEZ,Oliv,Ollounder,Peperoni",
ZERO : FEVER Part.3 [DIARY Ver.], Mini-Album,13/09/2021,KQ Entertainment,,ATEEZ,"BUDDY (compositeur),EDEN (chanteur),Hong Joong [ATEEZ],LEEZ,maddox,Min Gi [ATEEZ],Oliv,Ollounder,Peperoni","BUDDY (compositeur),EDEN (chanteur),Hong Joong [ATEEZ],LEEZ,maddox,Oliv,Ollounder,Peperoni","BUDDY (compositeur),EDEN (chanteur),Hong Joong [ATEEZ],LEEZ,Oliv,Ollounder,Peperoni",
ZERO : FEVER Part.3 [A Ver.], Mini-Album,13/09/2021,KQ Entertainment,,ATEEZ,"BUDDY (compositeur),EDEN (chanteur),Hong Joong [ATEEZ],LEEZ,maddox,Min Gi [ATEEZ],Oliv,Ollounder,Peperoni","BUDDY (compositeur),EDEN (chanteur),Hong Joong [ATEEZ],LEEZ,maddox,Oliv,Ollounder,Peperoni","BUDDY (compositeur),EDEN (chanteur),Hong Joong [ATEEZ],LEEZ,Oliv,Ollounder,Peperoni",
ZERO : FEVER Part.2 [Z Ver.], Mini-Album,02/03/2021,KQ Entertainment,,ATEEZ,,,,
ZERO : FEVER Part.2 [Diary Ver.], Mini-Album,02/03/2021,KQ Entertainment,,ATEEZ,,,,
ZERO : FEVER Part.2 [A Ver.], Mini-Album,02/03/2021,KQ Entertainment,,ATEEZ,,,,
ZERO : FEVER Part.1 [THANXX Ver.], Mini-Album,29/07/2020,KQ Entertainment,,ATEEZ,"BUDDY (compositeur),EDEN (chanteur),Hong Joong [ATEEZ],Isaac Han,LEEZ,Min Gi [ATEEZ],Oliv,Ollounder,Peperoni,Sophiya","BUDDY (compositeur),EDEN (chanteur),Hong Joong [ATEEZ],LEEZ,Oliv,Ollounder,Peperoni","BUDDY (compositeur),EDEN (chanteur),Hong Joong [ATEEZ],LEEZ,Oliv,Ollounder,Peperoni",
ZERO, Mini-Album,19/02/2014,PONY CANYON,,"clear,Nero [Nico Nico Douga]",,,,
ZERO, Single,06/11/2013,,Sony Music Entertainment Japan,MERRY (groupe),,,,
Zero, Album,20/12/2013,Asia Muse Entertainment,,Faith Yang,,,,
ZERO, Album,24/04/2013,Starchild Records,King Records,angela,atsuko [angela],"atsuko [angela],KATSU [angela]",KATSU [angela],
ZERO, Single,22/07/2001,,,KeiL,,,,
ZERO, Single,07/07/2010,,,ICe0AGe,,,,
ZERO, Album,26/04/2008,,,DOBERMAN INFINITY,,,,
ZERO, Album,22/09/2010,Daiki Sound,,DuelJewel,,,,
ZERO, Album,04/08/2010,EMI Music Japan,,FIRE BALL,,,,
Zero, Album,03/02/2010,Like an Edison Distribution,,hitotsume,,,,
Zero, Single,08/09/2007,,,Plastic Tree,Ryutaro [Plastic Tree],,,
ZERO, Single,28/10/2009,FAR EASTERN TRIBE RECORDS,Universal Music Japan (2),RIZE,,,,
ZERO, Single,07/10/1992,BMG Rooms,,B'z,,,,
ZERO, Album,03/09/2008,OTOKURA RECORD,,Amano Tsuki,,,,
Zero, Album,06/04/2001,,,Softball,,,,
ZERO, Album,09/1989,BMG Victor,,DEAD END,MORRIE [DEAD END],,,
Zero, Single,11/07/2007,NIPPON COLUMBIA (2010),,Fayray,,,,
Zeppet, Single,14/02/2007,Danger Crue Records,avex Marketing,Lion Heads,,,,
Zeoi San Jing Zoeng, Album,01/09/2001,Universal Music Hong Kong,,Cecilia Cheung,,,,
Zeoi Jyun Dik Keoi Lei, Digital Single,29/06/2020,The Voice Entertainment Group Limited,,Jinny Ng,,,,
Zeoi Jan, Album,15/09/2010,Universal Music Hong Kong,,Hacken Lee,,,,
Zeoi Hau Jat Ci Fan Sau, Digital Single,04/07/2016,The Voice Entertainment Group Limited,,Jinny Ng,,,,
Zenzen Tomodachi [Limited Edition], Single,23/05/2018,NBCUniversal Entertainment Japan,,Yamazaki Haruka,Yamamoto Me-co,,mononofrog_4sk,
Zenzen Tomodachi, Single,23/05/2018,NBCUniversal Entertainment Japan,,Yamazaki Haruka,Yamamoto Me-co,,mononofrog_4sk,
Zenzen Mondai Nee -No problem at all-, Digital Single,05/06/2020,,TuneCore Japan,CHOKE,,,,
Zenya, Mini-Album,05/03/2014,,,Ishikawa Chiaki,,,,
Zentaiteki ni Daisuki Desu., Single,27/06/2001,SPREE RECORD,UP-FRONT WORKS,Sheki-Dol,"Shindo Atsushi,Tsunku♂",,"Takahashi Yuichi (compositeur),Tsunku♂",
Zenshin Zenrei LIVES [Limited Edition], Single,02/11/2011,,,D=OUT,,,,
Zenshin Zenrei LIVES, Single,02/11/2011,,,D=OUT,,,,
ZENSHiN ZENREi, Digital Single,09/04/2021,avex trax,avex Entertainment (2),BiSH,,,,
Zenshin Zenrei, Digital Single,05/11/2020,SACRA MUSIC,Sony Music Labels,Saito Shuka,,,,
Zensen ni Tsugu, Album,13/07/2016,THE NINTH APOLLO,,Sayonara Poesie,,,,
Zensen, Digital Single,19/06/2019,TAKUMI NOTE,TEICHIKU ENTERTAINMENT,Higuchi Ai,,,,
Zenryoku☆Summer! [Limited Edition], Single,05/07/2017,King Records,King Records,angela,atsuko [angela],"atsuko [angela],KATSU [angela]",KATSU [angela],
Zenkyokushuu 2012, Best Album,05/10/2011,King Records,,Shiina Sachiko,"Asa Koyomi,Kinoshita Ryutaro,Niitani Toshiya,Yuuki Keiko",,"Ido Norio,Ikeda Takaharu,Maeda Toshiaki,Nango Tatsuya,Sakuraba Nobuyuki",
Zenkyokushuu 2011 [Cassette], Cassette audio,24/11/2010,NAYUTAWAVE RECORDS,Universal Music Japan (2),Utagawa Fumiko,"Kan Chinfa,Mizuki Kaoru (parolier),Ono Katsuhiko,Satomura Ryuichi,Teppo Mitsusaburo,Utagawa Fumiko","Endo Minoru,Kuni Hiroshi,Kyoda Seiichi,Miura Hiroaki (compositeur),Miyagawa Hiroshi (compositeur 2),Miyoshi Akio (compositeur),Oka Chiaki,Teppo Mitsusaburo","Ikeda Takaharu,Kyoda Seiichi,Maeda Toshiaki",
Zenkyokushuu 2011, Best Album,24/11/2010,NAYUTAWAVE RECORDS,Universal Music Japan (2),Utagawa Fumiko,"Kan Chinfa,Mizuki Kaoru (parolier),Ono Katsuhiko,Satomura Ryuichi,Teppo Mitsusaburo,Utagawa Fumiko","Endo Minoru,Kuni Hiroshi,Kyoda Seiichi,Miura Hiroaki (compositeur),Miyagawa Hiroshi (compositeur 2),Miyoshi Akio (compositeur),Oka Chiaki,Teppo Mitsusaburo","Ikeda Takaharu,Kyoda Seiichi,Maeda Toshiaki",
Zenkyokushuu 2010 [Cassette], Cassette audio,25/11/2009,NAYUTAWAVE RECORDS,Universal Music Japan (2),Utagawa Fumiko,"Miyagawa Hiroshi (compositeur 2),Ono Katsuhiko,Satomura Ryuichi,Wada Kenichi","Miura Hiroaki (compositeur),Miyagawa Hiroshi (compositeur 2),Oka Chiaki",Ikeda Takaharu,
Zenkyokushuu 2010, Best Album,25/11/2009,NAYUTAWAVE RECORDS,Universal Music Japan (2),Utagawa Fumiko,"Miyagawa Hiroshi (compositeur 2),Ono Katsuhiko,Satomura Ryuichi,Wada Kenichi","Miura Hiroaki (compositeur),Miyagawa Hiroshi (compositeur 2),Oka Chiaki",Ikeda Takaharu,
Zenkyokushuu 2009 [Cassette], Cassette audio,26/11/2008,NAYUTAWAVE RECORDS,Universal Music Japan (1),Utagawa Fumiko,"Izuka Yoshimi,Kan Chinfa,Mizuki Kaoru (parolier),Satomura Ryuichi,Suzuki Munetoshi,Utagawa Fumiko","Endo Minoru,Igarashi Yasuo,Kuni Hiroshi,Kyoda Seiichi,Miura Hiroaki (compositeur),Oka Chiaki","Ikeda Takaharu,Kyoda Seiichi,Maeda Toshiaki,Tadano Michiyasu",
Zenkyokushuu 2009, Best Album,26/11/2008,NAYUTAWAVE RECORDS,Universal Music Japan (1),Utagawa Fumiko,"Izuka Yoshimi,Kan Chinfa,Mizuki Kaoru (parolier),Satomura Ryuichi,Suzuki Munetoshi,Utagawa Fumiko","Endo Minoru,Igarashi Yasuo,Kuni Hiroshi,Kyoda Seiichi,Miura Hiroaki (compositeur),Oka Chiaki","Ikeda Takaharu,Kyoda Seiichi,Maeda Toshiaki,Tadano Michiyasu",
Zenkyokushuu 2008 [Cassette], Cassette audio,28/11/2007,NAYUTAWAVE RECORDS,Universal Music Japan (1),Utagawa Fumiko,"Izuka Yoshimi,Kamihara Yujiro,Satomura Ryuichi,Teppo Mitsusaburo,Utagawa Fumiko","Igarashi Yasuo,Kamihara Yujiro,Kuni Hiroshi,Miura Hiroaki (compositeur),Miyagawa Hiroshi (compositeur 2),Miyoshi Akio (compositeur),Oka Chiaki,Teppo Mitsusaburo","Ikeda Takaharu,Tadano Michiyasu",
Zenkyokushuu 2008, Best Album,28/11/2007,NAYUTAWAVE RECORDS,Universal Music Japan (1),Utagawa Fumiko,"Izuka Yoshimi,Kamihara Yujiro,Satomura Ryuichi,Teppo Mitsusaburo,Utagawa Fumiko","Igarashi Yasuo,Kamihara Yujiro,Kuni Hiroshi,Miura Hiroaki (compositeur),Miyagawa Hiroshi (compositeur 2),Miyoshi Akio (compositeur),Oka Chiaki,Teppo Mitsusaburo","Ikeda Takaharu,Tadano Michiyasu",
Zenkyokushuu 2007 [Cassette], Cassette audio,01/11/2006,UNIVERSAL J,Universal Music Japan (1),Utagawa Fumiko,"Futaki Yoko,Ide Haku,Izuka Yoshimi,Miyagawa Hiroshi (compositeur 2),Mizuki Kaoru (parolier),Satomura Ryuichi,Teppo Mitsusaburo,Utagawa Fumiko,Wada Kenichi","Endo Minoru,Igarashi Yasuo,Ikeda Takaharu,Kuni Hiroshi,Miura Hiroaki (compositeur),Miyagawa Hiroshi (compositeur 2),Miyoshi Akio (compositeur),Oka Chiaki,Teppo Mitsusaburo","Ikeda Takaharu,Maeda Toshiaki,Tadano Michiyasu",
Zenkyokushuu 2007, Best Album,01/11/2006,UNIVERSAL J,Universal Music Japan (1),Utagawa Fumiko,"Futaki Yoko,Ide Haku,Izuka Yoshimi,Miyagawa Hiroshi (compositeur 2),Mizuki Kaoru (parolier),Satomura Ryuichi,Teppo Mitsusaburo,Utagawa Fumiko,Wada Kenichi","Endo Minoru,Igarashi Yasuo,Ikeda Takaharu,Kuni Hiroshi,Miura Hiroaki (compositeur),Miyagawa Hiroshi (compositeur 2),Miyoshi Akio (compositeur),Oka Chiaki,Teppo Mitsusaburo","Ikeda Takaharu,Maeda Toshiaki,Tadano Michiyasu",
Zenkyokushuu 2007, Best Album,05/09/2007,King Records,,Shinno Mika,"Araki Toyohisa,Taka Takashi,Yoshioka Osamu","Oka Chiaki,Song Min Ho (compositeur)","Ido Norio,Ikeda Takaharu,Maeda Toshiaki,Maruyama Masahito,Tsuta Masakane",
Zenkyokushuu 2006, Best Album,06/09/2006,,,Shinno Mika,"Araki Toyohisa,Fukano Yoshikazu,Hoshino Tetsuro,Ishimoto Miyuki,Matsui Yurio,Taka Takashi,Takino Eiji,Yashiro Yo","Fukano Yoshikazu,Gen Tetsuya,Ichikawa Shosuke,Oka Chiaki,Sakurada Seiichi,Usui Koji","Baba Ryo,Ikeda Takaharu,Kyo Kensuke,Maeda Toshiaki,Nango Tatsuya,Nomura Yutaka,Saito Tsuneo,Tsuta Masakane",
Zenkyokushuu 2000 ~ Koborezuki, Best Album,21/09/2000,Nippon Columbia (1946),,Tagawa Toshimi,"Akimoto Yasushi,Hoshino Tetsuro,Mizuki Reiji,Sakaguchi Teruyuki,Satomura Ryuichi,Sugi Norihiko,Tagawa Toshimi,Takino Eiji,Yuuki Keiko","Goto Tsugutoshi,Oka Chiaki,Otani Meiyu,Sugi Norihiko,Suzuki Jun (compositeur),Tokuhisa Koji","Ikeda Takaharu,Maeda Toshiaki,Nango Tatsuya,Ryuzaki Koji",
Zenkyokushuu ~Yuuhi Saka / Tasogare no Hashi~, Album,21/11/2001,,,Miyako Harumi,"Hoshino Tetsuro,Ishimoto Miyuki,Sekizawa Shinichi,Shiratori Choei,Yoshioka Osamu","Gen Tetsuya,Ichikawa Shosuke,Inomata Kosho","Ichikawa Shosuke,Saito Tsuneo,Sakuraba Nobuyuki",
Zenkyokushuu ~Yume Jinsei~ [Cassette], Cassette audio,23/11/2005,UNIVERSAL J,Universal Music Japan (1),Utagawa Fumiko,"Endo Minoru,Ide Haku,Mizuki Kaoru (parolier),Satomura Ryuichi,Shirotori Sonoe,Suzuki Munetoshi,Utagawa Fumiko","Endo Minoru,Kuni Hiroshi,Miura Hiroaki (compositeur),Miyoshi Akio (compositeur),Oka Chiaki","Ikeda Takaharu,Maeda Toshiaki,Tadano Michiyasu",
Zenkyokushuu ~Yume Jinsei~, Best Album,23/11/2005,UNIVERSAL J,Universal Music Japan (1),Utagawa Fumiko,"Endo Minoru,Ide Haku,Mizuki Kaoru (parolier),Satomura Ryuichi,Shirotori Sonoe,Suzuki Munetoshi,Utagawa Fumiko","Endo Minoru,Kuni Hiroshi,Miura Hiroaki (compositeur),Miyoshi Akio (compositeur),Oka Chiaki","Ikeda Takaharu,Maeda Toshiaki,Tadano Michiyasu",
Zenkyokushuu ~Shinobu~, Album,21/10/1998,Nippon Columbia (1946),,Misora Hibari,"Fujita Masato,Fujiura Ko,Ishimoto Miyuki,Ozawa Fujio,Sekizawa Shinichi,Yoshioka Osamu","Hara Nobuo,Ichikawa Shosuke,Inoue Katsuo,Koga Masao,Manjome Tadashi,Uehara Gento,Yoneyama Masao","Asai Takaaki,Ikeda Takaharu,Inoue Daisuke (compositeur 1),Niki Takio,Saeki Makoto,Uehara Gento,Yoneyama Masao",
Zenkyokushuu ~Otou-san~ [Cassette], Cassette audio,25/02/2004,UNIVERSAL J,Universal Music Japan (1),Utagawa Fumiko,"Futaki Yoko,Miyagawa Hiroshi (compositeur 2),Satomura Ryuichi,Teppo Mitsusaburo,Utagawa Fumiko,Wada Kenichi","Goda Michito,Ikeda Takaharu,Kuni Hiroshi,Miyagawa Hiroshi (compositeur 2),Oka Chiaki,Teppo Mitsusaburo",Ikeda Takaharu,
Zenkyokushuu ~Otou-san~, Best Album,25/02/2004,UNIVERSAL J,Universal Music Japan (1),Utagawa Fumiko,"Futaki Yoko,Miyagawa Hiroshi (compositeur 2),Satomura Ryuichi,Teppo Mitsusaburo,Utagawa Fumiko,Wada Kenichi","Goda Michito,Ikeda Takaharu,Kuni Hiroshi,Miyagawa Hiroshi (compositeur 2),Oka Chiaki,Teppo Mitsusaburo",Ikeda Takaharu,
Zenkyokushuu ~Otoko Shunjuu~, Album,21/11/2001,,,Okawa Eisaku,Taka Takashi,,Saito Tsuneo,
Zenkyokushuu ~Otoko Iji (Tabaruzaka)・Fumiko no Teppou Bushi~ [Cassette], Cassette audio,24/10/2001,Polydor,Universal Music Japan (1),Utagawa Fumiko,"Endo Minoru,Ide Haku,Miyagawa Hiroshi (compositeur 2),Mizuki Kaoru (parolier),Satomura Ryuichi,Suzuki Munetoshi,Teppo Mitsusaburo,Utagawa Fumiko,Wada Kenichi","Endo Minoru,Kuni Hiroshi,Miyagawa Hiroshi (compositeur 2),Oka Chiaki,Teppo Mitsusaburo","Ikeda Takaharu,Maeda Toshiaki,Tadano Michiyasu",
Zenkyokushuu ~Otoko Iji (Tabaruzaka)・Fumiko no Teppou Bushi~, Best Album,24/10/2001,Polydor,Universal Music Japan (1),Utagawa Fumiko,"Endo Minoru,Ide Haku,Miyagawa Hiroshi (compositeur 2),Mizuki Kaoru (parolier),Satomura Ryuichi,Suzuki Munetoshi,Teppo Mitsusaburo,Utagawa Fumiko,Wada Kenichi","Endo Minoru,Kuni Hiroshi,Miyagawa Hiroshi (compositeur 2),Oka Chiaki,Teppo Mitsusaburo","Ikeda Takaharu,Maeda Toshiaki,Tadano Michiyasu",
Zenkyokushuu ~Midare Gami~, Album,21/11/1988,,,Misora Hibari,"Fujiura Ko,Hara Rokuro,Ishimoto Miyuki,Ogura Kei,Saito Daizo,Yoneyama Masao","Hara Rokuro,Koga Masao,Manjome Tadashi,Ogura Kei,Ryu Tetsuya,Uehara Gento,Yoneyama Masao","Fukuda Tadashi (arrangeur musical),Hara Rokuro,Kyo Kensuke,Niki Takio,Saeki Makoto,Uehara Gento,Wakakusa Kei",
Zenkyokushuu ~Kenchana~, Album,09/09/2009,Piccolo Town,King Records,Maeda Yuki (1979),Mori Chiyoko,,Yano Tatsumi,
Zenkyokushuu ~Kawachi~ [Cassette], Cassette audio,01/09/1999,Polydor,Universal Music Japan (1),Utagawa Fumiko,"Futaki Yoko,Kamihara Yujiro,Kuraoka Hiroko,Miyagawa Hiroshi (compositeur 2),Satomura Ryuichi,Utagawa Fumiko,Wada Kenichi","Ikeda Takaharu,Kamihara Yujiro,Miyagawa Hiroshi (compositeur 2),Oka Chiaki",Ikeda Takaharu,
Zenkyokushuu ~Kawachi~, Best Album,01/09/1999,Polydor,Universal Music Japan (1),Utagawa Fumiko,"Futaki Yoko,Kamihara Yujiro,Kuraoka Hiroko,Miyagawa Hiroshi (compositeur 2),Satomura Ryuichi,Utagawa Fumiko,Wada Kenichi","Ikeda Takaharu,Kamihara Yujiro,Miyagawa Hiroshi (compositeur 2),Oka Chiaki",Ikeda Takaharu,
Zenkyokushuu ~Jinseizaka~ [Cassette], Cassette audio,01/12/2004,UNIVERSAL J,Universal Music Japan (1),Utagawa Fumiko,"Miyagawa Hiroshi (compositeur 2),Satomura Ryuichi,Teppo Mitsusaburo,Utagawa Fumiko,Wada Kenichi","Goda Michito,Kuni Hiroshi,Miura Hiroaki (compositeur),Miyagawa Hiroshi (compositeur 2),Oka Chiaki,Teppo Mitsusaburo",Ikeda Takaharu,
Zenkyokushuu ~Jinseizaka~, Best Album,01/12/2004,UNIVERSAL J,Universal Music Japan (1),Utagawa Fumiko,"Miyagawa Hiroshi (compositeur 2),Satomura Ryuichi,Teppo Mitsusaburo,Utagawa Fumiko,Wada Kenichi","Goda Michito,Kuni Hiroshi,Miura Hiroaki (compositeur),Miyagawa Hiroshi (compositeur 2),Oka Chiaki,Teppo Mitsusaburo",Ikeda Takaharu,
Zenkyokushuu ~Haha Toudai~ [Cassette], Cassette audio,25/08/1993,Taurus Records,Toshiba EMI,Utagawa Fumiko,"Endo Minoru,Ide Haku,Mizuki Kaoru (parolier),Shirotori Sonoe,Suzuki Munetoshi,Utagawa Fumiko",,"Maeda Toshiaki,Tadano Michiyasu",
Zenkyokushuu ~Haha Toudai~, Best Album,25/08/1993,Taurus Records,Toshiba EMI,Utagawa Fumiko,"Endo Minoru,Ide Haku,Mizuki Kaoru (parolier),Suzuki Munetoshi,Utagawa Fumiko",,"Maeda Toshiaki,Tadano Michiyasu",
Zenkyokushuu ~Edo no Hana~ [Cassette], Cassette audio,21/10/2000,Polydor,Universal Music Japan (1),Utagawa Fumiko,"Futaki Yoko,Kuraoka Hiroko,Miyagawa Hiroshi (compositeur 2),Satomura Ryuichi,Utagawa Fumiko,Wada Kenichi","Ikeda Takaharu,Miyagawa Hiroshi (compositeur 2),Oka Chiaki",Ikeda Takaharu,
Zenkyokushuu ~Edo no Hana~, Best Album,21/10/2000,Polydor,Universal Music Japan (1),Utagawa Fumiko,"Futaki Yoko,Kuraoka Hiroko,Miyagawa Hiroshi (compositeur 2),Satomura Ryuichi,Utagawa Fumiko,Wada Kenichi","Ikeda Takaharu,Miyagawa Hiroshi (compositeur 2),Oka Chiaki",Ikeda Takaharu,
zenkai no uta, Single,16/06/2010,LD&K Records,,Kariyushi58,,,,
Zenkai no LGMonkees koto Yamazaru desu., Album,16/03/2011,Epic Records Japan,Sony Music Entertainment Japan,LGMonkees,LGMonkees,,HIRO [LGYankees],
Zenkai Made no Arasuji, Album,18/01/2019,,,Tensai.,,,,
Zenka Gokusai, Album,29/12/2009,,,Paraoka (cercle doujin),,,,
Zenjin Mitou Frontier [Type D], Single,03/03/2021,B.P.RECORDS,Tower Records (Japon),BabyKingdom,,,,
Zenjin Mitou Frontier [Type C], Single,03/03/2021,B.P.RECORDS,Tower Records (Japon),BabyKingdom,,,,
Zenjin Mitou Frontier [Limited Edition / Type B], Single,03/03/2021,B.P.RECORDS,Tower Records (Japon),BabyKingdom,,,,
Zenjin Mitou Frontier [Limited Edition / Type A], Single,03/03/2021,B.P.RECORDS,Tower Records (Japon),BabyKingdom,,,,
ZENITH [Limited Edition], Album,02/08/2017,USM Japan,Universal Music Japan (2),PassCode,,,,
ZENITH [2LP Limited Edition], Long play,20/12/2017,USM Japan,Universal Music Japan (2),PassCode,,,,
ZENITH, Album,02/08/2017,USM Japan,Universal Music Japan (2),PassCode,,,,
ZENITH, Album,18/07/2011,,,VERTEX,,,,
Zenin Yuushou [Limited Edition], Album,18/03/2015,Victor Music Arts,Victor Music Arts,Higuchi Ai,,,,
Zenin Yuushou, Album,18/03/2015,Victor Music Arts,Victor Music Arts,Higuchi Ai,,,,
Zeni no Dai Sansha, Album,02/12/1992,Ki/oon Sony Records,Sony Music Entertainment Japan,Magokoro Brothers,,,,
zeneknowsyouwannit, Digital Single,18/06/2018,YOUNG THUGS CLUB,Luminant Entertainment,ZENE THE ZILLA,,,,
Zene Bout Sweetness, Digital Single,29/10/2015,A.D.#.D,Luminant Entertainment,ZNSY,,,,
ZENE BOUT HOMETOWN, Digital Single,29/12/2015,A.D.#.D,Luminant Entertainment,ZNSY,,,,
Zendai Mimon ☆ Miracle Change, Single,21/07/2011,,,Nakahara Mai (seiyu),,,,
Zenchou Ban, Single,08/08/2006,,,Video Glamour,,,,
Zenchi Zenno [Limited Edition], Album,08/11/2017,UNIVERSAL SIGMA,Universal Music Japan (2),POLKADOT STINGRAY,,,,
Zenchi Zenno [Limited Edition + T-shirt], Album,08/11/2017,UNIVERSAL SIGMA,Universal Music Japan (2),POLKADOT STINGRAY,,,,
Zenchi Zenno, Album,08/11/2017,UNIVERSAL SIGMA,Universal Music Japan (2),POLKADOT STINGRAY,,,,
Zenbu., Digital Single,11/03/2020,EMI Records,Universal Music Japan (2),Inoue Sonoko,,,,
Zenbu! Pucchimoni, Album,21/08/2002,zetima,Sony Music Entertainment Japan,Petitmoni V,Tsunku♂,,"Konishi Takao,Suzuki Shunsuke (compositeur)",
"Zenbu, Naisho. [Type C]", Album,12/05/2021,SACRA MUSIC,Sony Music Labels,=LOVE,Sashihara Rino,"APAZZI,ArmySlick,Daisy.O,Gemie,Giz'Mo,Honzawa Naoyuki,Imai Hiroshi,Isozaki Takeshi,Ito Ryo (compositeur),Kato Yamato,Kikuchi Ryou,Kokubo Yuki,Muroya Yumi,Nagano Saori,Nagasawa Chiaki,Nimbari Yosuke,SUEKIKI,The Answer,Tomoyuki Tajiri,Tsukada Kohei,Tsuru Yuichiro,Watanabe Hisashi,YHANAEL,YUU for YOU","APAZZI,ArmySlick,Furukawa Takahiro,Honzawa Naoyuki,Kurauchi Tatsuya,Nimbari Yosuke,Shimizu Teppei,The Answer,Tomoyuki Tajiri,Wakatabe Makoto,Yuasa Atsushi,YUU for YOU",
"Zenbu, Naisho. [Special Edition]", Digital Album,12/05/2021,SACRA MUSIC,Sony Music Labels,=LOVE,Sashihara Rino,"APAZZI,ArmySlick,Daisy.O,Gemie,Giz'Mo,Hara Kazuhiro (compositeur),Honzawa Naoyuki,Imai Hiroshi,Isozaki Takeshi,Ito Ryo (compositeur),Kato Yamato,Kikuchi Ryou,Kokubo Yuki,Muroya Yumi,Nagano Saori,Nagasawa Chiaki,Nimbari Yosuke,SUEKIKI,Tanabe Nozomi,The Answer,Tomoyuki Tajiri,Tsukada Kohei,Tsuru Yuichiro,Watanabe Hisashi,YHANAEL,Yuki Shinichi (compositeur),YUU for YOU","APAZZI,ArmySlick,Furukawa Takahiro,Hara Kazuhiro (compositeur),Honzawa Naoyuki,Kurauchi Tatsuya,Nimbari Yosuke,Shimizu Teppei,The Answer,Tomoyuki Tajiri,Wakatabe Makoto,Yuasa Atsushi,Yuki Shinichi (compositeur),YUU for YOU",
"Zenbu, Naisho. [Limited Edition / Type B]", Album,12/05/2021,SACRA MUSIC,Sony Music Labels,=LOVE,Sashihara Rino,"APAZZI,ArmySlick,Daisy.O,Gemie,Giz'Mo,Hara Kazuhiro (compositeur),Honzawa Naoyuki,Imai Hiroshi,Isozaki Takeshi,Ito Ryo (compositeur),Kato Yamato,Kikuchi Ryou,Kokubo Yuki,Muroya Yumi,Nagano Saori,Nagasawa Chiaki,Nimbari Yosuke,SUEKIKI,The Answer,Tomoyuki Tajiri,Tsukada Kohei,Tsuru Yuichiro,Watanabe Hisashi,YHANAEL,YUU for YOU","APAZZI,ArmySlick,Furukawa Takahiro,Hara Kazuhiro (compositeur),Honzawa Naoyuki,Kurauchi Tatsuya,Nimbari Yosuke,Shimizu Teppei,The Answer,Tomoyuki Tajiri,Wakatabe Makoto,Yuasa Atsushi,YUU for YOU",
"Zenbu, Naisho. [Limited Edition / Type A]", Album,12/05/2021,SACRA MUSIC,Sony Music Labels,=LOVE,Sashihara Rino,"APAZZI,ArmySlick,Daisy.O,Gemie,Giz'Mo,Honzawa Naoyuki,Imai Hiroshi,Isozaki Takeshi,Ito Ryo (compositeur),Kato Yamato,Kikuchi Ryou,Kokubo Yuki,Muroya Yumi,Nagano Saori,Nagasawa Chiaki,Nimbari Yosuke,SUEKIKI,The Answer,Tomoyuki Tajiri,Tsukada Kohei,Tsuru Yuichiro,Watanabe Hisashi,YHANAEL,Yuki Shinichi (compositeur),YUU for YOU","APAZZI,ArmySlick,Furukawa Takahiro,Honzawa Naoyuki,Kurauchi Tatsuya,Nimbari Yosuke,Shimizu Teppei,The Answer,Tomoyuki Tajiri,Wakatabe Makoto,Yuasa Atsushi,Yuki Shinichi (compositeur),YUU for YOU",
Zenbu Uso da yo., Demo Tape,05/05/2011,,,ITSUE,,,,
Zenbu Suki. [Limited Edition], Single,20/07/2011,MASTERSIX FOUNDATION,Sony Music Entertainment Japan,Kamiji Yusuke,Kamiji Yusuke,"Ichikawa Yoshiyasu,Kamiji Yusuke",CHOKKAKU,
Zenbu Suki., Single,20/07/2011,MASTERSIX FOUNDATION,Sony Music Entertainment Japan,Kamiji Yusuke,Kamiji Yusuke,"Ichikawa Yoshiyasu,Kamiji Yusuke",CHOKKAKU,
Zenbu Seishun! / Angel Enjite 20nen, Single,07/08/2018,T-Palette Records,,Up Up Girls (2),,,,
Zenbu Kudaranei., Digital Mini-Album,28/09/2019,Hentai Gorizal Records,TuneCore Japan,Takayan,,,,
Zen, Album,24/01/2001,Sony Records,,DJ KRUSH,,,,
Zelos [Kihno Music Card], Music Card,19/04/2016,Jellyfish Entertainment,CJ E&M,VIXX,"Kim Ji Hyang (compositrice),Kim Su Jeong (parolière 1),Misfit,Ravi [VIXX]","Andrew Choi,Fascinating,Keeproots,Melodesign,Simon Janlöv","Keeproots,Melodesign,Simon Janlöv",
Zelos, Single,19/04/2016,Jellyfish Entertainment,CJ E&M,VIXX,"Kim Ji Hyang (compositrice),Kim Su Jeong (parolière 1),Misfit,Ravi [VIXX]","Andrew Choi,Fascinating,Keeproots,Melodesign,Simon Janlöv","Keeproots,Melodesign,Simon Janlöv",
ZELM [Limited Edition], Album,27/02/2019,B.P.RECORDS,BM.3 Music,Zero [Hz],,,,
ZELM, Album,27/02/2019,B.P.RECORDS,BM.3 Music,Zero [Hz],,,,
ZELIACORT, Demo Tape,1992,,,ZELIACORT,,,,
ZELGA, Album,14/03/2012,Daiki Sound,,ZELGA,,,,
ZELDA, Album,25/08/1982,,,ZELDA,,,,
Zekuu [Limited Edition], Album,03/09/2003,UNIVERSAL GEAR,Universal Music Japan (1),MUCC,,,,
Zekuu, Single,01/04/2000,,,Lamiel,,,,
Zekuu, Album,03/09/2003,UNIVERSAL GEAR,Universal Music Japan (1),MUCC,,,,
Zekkyou! [Limited Edition], Mini-Album,17/08/2016,GOEMON RECORDS,,Pentagon (Japon),Yutori [Pentagon],,,
Zekkyou!, Mini-Album,17/08/2016,GOEMON RECORDS,,Pentagon (Japon),Yutori [Pentagon],,,
Zekkyou Serenade / Tada Kaze to Taiyou, Digital Single,07/08/2020,Sony Records,Sony Music Labels,sumika,,,,
Zekkyou Serenade, Digital Single,29/07/2020,Sony Records,Sony Music Labels,sumika,,,,
ZEKKYOU PSYCHOPATH, DVD,28/01/2004,Free-Will,,kagerou,Daisuke (visual-kei),,,
Zekkyou Machine, Single,09/09/1998,SPE Visual Works,Sony Music Entertainment Japan,Mitsuishi Kotono,,,,
Zekkyou Irony [Pan no Maru wo Tenten ni Kaetera Edition], Single,04/09/2018,Riostar Records,,Jack Caper,,,,
Zekkyou Irony [Karee Minami Edition], Single,04/09/2018,Riostar Records,,Jack Caper,,,,
Zekkyou Irony [Chikin Minami Edition], Single,04/09/2018,Riostar Records,,Jack Caper,,,,
Zekkyo Midare Rally Land, Album,25/11/2009,,,RECORIDE,,,,
Zekko Etsuraku Ron [Limited Edition], Single,13/04/2011,Free-Will,,BugLug,Issei [BugLug],,,
Zekko Etsuraku Ron, Single,13/04/2011,Resistar Records,,BugLug,Issei [BugLug],,,
Zekkeishoku, Album,26/04/2006,PS COMPANY,King Records,alice nine.,,,,
Zekkeika, Single,08/12/2010,,,Edogawa Paradox,,,,
Zeitgeist, Digital Mini-Album,01/10/2021,Team McLab,Luminant Entertainment,Mc Rap,,,,
zeitgeist, Album,30/11/2013,,,THE NOVEMBERS,,,,
ZeitgeisT, Album,01/04/2009,Daiki Sound,,Shinjou Kasumi,,,,
ZeitGeist, Album,23/10/2009,,,GOTHIKA,,,,
Zeitakubyou, Album,21/11/2007,Aer-born / A-Sketch,Victor Entertainment (1972),ONE OK ROCK,"Taka [ONE OK ROCK],Toru [ONE OK ROCK]","Alex [ONE OK ROCK],ONE OK ROCK,Ryota [ONE OK ROCK],Taka [ONE OK ROCK],Tomoya [ONE OK ROCK],Toru [ONE OK ROCK]","Hiraide Satoru,Korenaga Koichi,ONE OK ROCK",
Zeitaku na Hone, Digital Single,03/12/2015,MARVELOUS!,,österreich,,,,
Zeeny's, Album,21/12/2005,J's Entertainment,CJ MUSIC,Shim Eun Jin,"Ahn Seong Il,Dye,Jeong Jin Seon","Ahn Seong Il,AND (K-R&B),Atmo Sphere,Kang Wu Hyeon","Ahn Seong Il,AND (K-R&B)",
Zeelum Aphalis Smitael, Demo Tape,25/07/2008,,,Arkha Sva,,,,
ZAZEN BOYS 4, Album,17/09/2008,Matsuri Studio,,ZAZEN BOYS,,,,
Zazen Boys, Album,10/01/2004,Matsuri Studio,Daiki Sound,ZAZEN BOYS,,,,
ZAZA Travel, Album,28/03/2007,,,ZAZA (Thaï-Pop),,,,
Zawa... Zawa... Za.. Zawa...... Zawa, Single,16/11/2005,VAP,VAP,MAXIMUM THE HORMONE,Kawakita Ryo,,MAXIMUM THE HORMONE,
Zau Mut Waa Bou, Digital Single,07/05/2013,Sun Entertainment Culture (Hong Kong),,Fiona Sit,Chan Wing Him,,Fergus Chow,
Zatsuon Shakai, Single,2005,,,Gazelle,,,,
zatracenie, Album,07/07/2007,,,matryoshka,,,,
Zassou Yori [Limited Edition / Type B], Single,15/11/2017,MASTERSIX FOUNDATION,Sony Music Entertainment Japan,Kamiji Yusuke,,,,
Zassou Yori [Limited Edition / Type A], Single,15/11/2017,MASTERSIX FOUNDATION,Sony Music Entertainment Japan,Kamiji Yusuke,,,,
Zassou Yori, Single,15/11/2017,MASTERSIX FOUNDATION,Sony Music Entertainment Japan,Kamiji Yusuke,,,,
Zassou no Uta [Limited Edition], Single,02/02/2011,zetima,Sony Music Entertainment Japan,Buono!,"Iwasato Yuho,Sonoda Ryoji","AKIRASTAR,HA.,Inoue Shinjiroh","AKIRASTAR,Doi Manao,Inoue Shinjiroh",
Zassou no Uta, Single,02/02/2011,zetima,Sony Music Entertainment Japan,Buono!,"Iwasato Yuho,Sonoda Ryoji","AKIRASTAR,HA.,Inoue Shinjiroh","AKIRASTAR,Doi Manao,Inoue Shinjiroh",
Zassou Damashii Namen na yo! [mora Edition], Digital Single,03/03/2021,MAGES.,MAGES.,Yamazaki Taiki (acteur),"Narimoto Tomomi,Yamazaki Taiki (acteur)","Narimoto Tomomi,Yamazaki Taiki (acteur),yasushi","Gasa Yasuhiro,Igarashi Satoshi,Nagatsuka Kento (compositeur)",
Zassou Damashii Namen na yo! [CD+DVD], Single,03/03/2021,MAGES.,MAGES.,Yamazaki Taiki (acteur),"Narimoto Tomomi,Yamazaki Taiki (acteur)","Narimoto Tomomi,Yamazaki Taiki (acteur),yasushi","Gasa Yasuhiro,Igarashi Satoshi,Nagatsuka Kento (compositeur)",
Zassou Damashii Namen na yo! (Half Size), Digital Single,11/01/2021,MAGES.,MAGES.,Yamazaki Taiki (acteur),Narimoto Tomomi,,Gasa Yasuhiro,
Zassou Damashii Namen na yo!, Single,03/03/2021,MAGES.,MAGES.,Yamazaki Taiki (acteur),"Narimoto Tomomi,Yamazaki Taiki (acteur)","Narimoto Tomomi,Yamazaki Taiki (acteur),yasushi","Gasa Yasuhiro,Igarashi Satoshi,Nagatsuka Kento (compositeur)",
Zassou / Ashiato, Single,22/01/2003,tearbridge records,,Road of Major,,,,
Zasetsu Chiten, Single,12/09/2007,avex trax,,misono,misono,,Hinata Hidekazu,
Zarinagi 5, Album,05/02/2003,,,Fed MUSIC,,,,
Zaregoto [Limited Edition], DVD,16/05/2018,J Storm,Sony Music Entertainment Japan,Shima Shigeko,,,,
Zaregoto, DVD,16/05/2018,J Storm,Sony Music Entertainment Japan,Shima Shigeko,,,,
ZARD tribute II [Limited Edition], Tribute Album,07/10/2020,GIZA studio,Being,SARD UNDERGROUND,,"Izumi Kazuya,Kuribayashi Seiichiroh,Oda Tetsuro,Ohno Aika","Abe Tomoki,Asai Hiroshi,Nagato Daiko,Tsurusawa Yumeto",
ZARD tribute II, Tribute Album,07/10/2020,GIZA studio,Being,SARD UNDERGROUND,,"Izumi Kazuya,Kuribayashi Seiichiroh,Oda Tetsuro,Ohno Aika","Abe Tomoki,Asai Hiroshi,Nagato Daiko,Tsurusawa Yumeto",
ZARD tribute, Tribute Album,18/09/2019,GIZA studio,J-DISC Being,SARD UNDERGROUND,,,,
ZARD SINGLE COLLECTION ~20th ANNIVERSARY~, Best Album,10/02/2011,J-DISC Being,,ZARD,"Sakai Izumi [ZARD],Show Wesugi","Deguchi Masayuki,Haruhata Michiya,Iwai Yuichiro,Kawashima Daria,Kitano Masato,Kuribayashi Seiichiroh,Matsukawa Toshiya,Miyoshi Makoto,Oda Tetsuro,Ohno Aika,Okamoto Hitoshi,Ozawa Masazumi,Sakai Izumi [ZARD],Shiojiri Kenji,Terao Hiroshi,Tokunaga Akihito,Watanuki Masaaki,Yonezawa Mitsuyoshi","Akashi Masao,Cybersound,Furui Hirohito,Hayama Takeshi,Ikeda Daisuke,Kobayashi Satoru,Masui Isao,Oda Tetsuro,Ohga Yoshinobu,Okamoto Hitoshi,Ozawa Masazumi,SCHON,Shiojiri Kenji,Terao Hiroshi,Tokunaga Akihito,Watanuki Masaaki,ZARD",
ZARD Crusing & Live, Live Album,26/01/2000,,,ZARD,Sakai Izumi [ZARD],"Haruhata Michiya,Iwai Yuichiro,Kawashima Daria,Kuribayashi Seiichiroh,Oda Tetsuro,Tokunaga Akihito","Akashi Masao,Furui Hirohito,Hayama Takeshi,Ikeda Daisuke,Shiojiri Kenji,Tokunaga Akihito",
ZARD BLEND ll ~LEAF & SNOW~, Best Album,21/11/2001,B-Gram Co.,,ZARD,Sakai Izumi [ZARD],"Kawashima Daria,Kuribayashi Seiichiroh,Oda Tetsuro","Akashi Masao,Hayama Takeshi,Ikeda Daisuke,Oda Tetsuro,Tokunaga Akihito",
ZARD BLEND ~SUN & STONE~, Best Album,23/04/1997,B-Gram Co.,,ZARD,Sakai Izumi [ZARD],"Haruhata Michiya,Kawashima Daria,Kuribayashi Seiichiroh,Oda Tetsuro","Akashi Masao,Hayama Takeshi,Ikeda Daisuke",
ZARD BEST The Single Collection ~Kiseki~, Best Album,28/05/1999,B-Gram Co.,,ZARD,"Sakai Izumi [ZARD],Show Wesugi","Deguchi Masayuki,Haruhata Michiya,Kuribayashi Seiichiroh,Oda Tetsuro,Ozawa Masazumi,Tokunaga Akihito","Akashi Masao,Hayama Takeshi,Ikeda Daisuke,Tokunaga Akihito",
ZARD BEST ~Request Memorial~, Best Album,15/05/1999,B-Gram Co.,,ZARD,"Sakai Izumi [ZARD],Show Wesugi","Kawashima Daria,Kuribayashi Seiichiroh,Mochizuki Eisuke,Oda Tetsuro,Watanuki Masaaki","Akashi Masao,Furui Hirohito,Hayama Takeshi,Ikeda Daisuke,Oda Tetsuro,Watanuki Masaaki",
Zarazara, Single,30/11/2016,Aniplex,Sony Music Entertainment Japan,Hanazawa Kana,,,,
Zarathustra, Digital Single,05/02/2013,NIPPON COLUMBIA (2010),NIPPON COLUMBIA (2010),HiGE,Sato Hisashi,,HiGE,
ZARA ZARA TEXTURE, Album,25/02/2003,,,DOBERMAN (groupe),,,,
Zankyou Komoriuta, Single,01/11/1983,,,Misora Hibari,,,,
Zankyou Karma, Digital Single,27/10/2016,Kobasolo,,Kobasolo,,,,
Zankyou, Single,18/09/2013,Alab Records,,STEREO.C.K,,,,
zankyo record compilation [Disc-2], Compilation,20/08/2008,,,"3nd,9mm Parabellum Bullet,Apnea (J-Rock),Naan,te',texas pandaa",,,,
zankyo record compilation [Disc-1], Compilation,20/08/2008,,,"AFRICAEMO,cinema staff,mudy on the sakuban,People In The Box,Perfect Piano Lesson,rururu",,,,
ZANKYO LEGION [Limited Edition], Album,08/12/2010,Lantis,Bandai Visual,Shoujo Byo,,,,
ZANKYO LEGION, Album,08/12/2010,Lantis,Bandai Visual,Shoujo Byo,,,,
Zankyo, Album,30/06/2009,UNIVERSAL J,Universal Music Japan (2),Fukuyama Masaharu,,,,
Zankokubou, Mini-Album,24/05/2000,Soleil,,Veill,,,,
Zankoku yo Kibou to Nare, Single,08/08/2007,Lantis,Bandai Visual,Yuhki Aira,Hata Aki,,Nijine,
Zankoku Shangri-La / BLOODY KISS / Gyokuza no GEMINI, Single,06/10/2021,Aniplex,Aniplex,"ECLIPSE [Visual Prison],LOS†EDEN,O★Z",Agematsu Noriyasu,,"Fujinaga Ryutaro,Takeda Yusuke [Elements Garden]",
Zankoku Shangri-La / BLOODY KISS (TV Size Version), Digital Single,06/10/2021,Aniplex,Aniplex,"LOS†EDEN,O★Z",Agematsu Noriyasu,,"Fujinaga Ryutaro,Takeda Yusuke [Elements Garden]",
Zankoku na Yume to Nemure [Limited Edition], Single,27/01/2021,Lantis,BANDAI NAMCO Arts,Kuribayashi Minami,Hata Aki,,Kikuta Daisuke (compositeur),
Zankoku na Yume to Nemure, Single,27/01/2021,Lantis,BANDAI NAMCO Arts,Kuribayashi Minami,Hata Aki,,Kikuta Daisuke (compositeur),
Zankoku na Tenshi no Thesis MATSURI SPIRIT, Single,24/07/2019,King Amusement Creative,King Records,Takahashi Yoko (chanteuse),Oikawa Neko,,Omori Toshiyuki,
Zankoku na Tenshi no Thesis 2009 VERSION, Single,13/05/2009,King Records,,Takahashi Yoko (chanteuse),"Oikawa Neko,Takahashi Yoko (chanteuse)","Mori Daisuke,Sato Hidetoshi","Mori Daisuke,Omori Toshiyuki",
Zankoku na Tenshi no Thesis / Tamashii no Refrain, Single,20/06/2018,King Amusement Creative,King Records,Takahashi Yoko (chanteuse),Oikawa Neko,"Omori Toshiyuki,Sato Hidetoshi",Omori Toshiyuki,
Zankoku na Tenshi no Thesis / FLY ME TO THE MOON, Single,25/10/1995,Starchild Records,,"CLAIRE,Takahashi Yoko (chanteuse)","Bart Howard,Oikawa Neko","Bart Howard,Sato Hidetoshi",Omori Toshiyuki,
Zankoku na Tenshi no Thesis, Single,25/10/1995,Starchild Records,King Records,Takahashi Yoko (chanteuse),Oikawa Neko,"Omori Toshiyuki,Sato Hidetoshi",Omori Toshiyuki,
Zankoku na Tenshi no Teeze, Digital Single,22/06/2011,,,A -Anonymous Confederate Ensemble-,,,,
Zange Soushitsu, Single,30/01/1999,,,Phobia,,,,
Zange no Hanamichi, Single,21/05/2014,Crown Tokuma,,D=OUT,,,,
Zange no asa ni..., Demo Tape,26/03/1998,,,Eliphas Levi,,,,
Zange / Kesou, Demo Tape,27/12/2003,,,Dazzle Vision,,,,
Zange, Demo Tape,15/08/2001,,,NIGHTMARE (Japon),,,,
Zangai, Single,08/01/2003,BMG Funhouse,BMG Funhouse,BUCK-TICK,"Imai Hisashi,Sakurai Atsushi",,,
Zang Zang, Album,27/04/2015,Independent Issue Records,,Chiu-Pi,,,,
Zang Mi - Mu Ren Zhi Ge, Album,17/07/2011,,,Rong Zhong Er Jia,,,,
Zanbara, Single,22/02/2010,Johnny's Entertainment,Sony Music Entertainment Japan,Kondo Masahiko,,,,
Zan Ngo Zoeng Baak Zi, Album,01/06/2002,Universal Music Hong Kong,,Cecilia Cheung,,,,
Zan Cyan [Limited Edition], Album,21/06/2006,SPEEDSTAR RECORDS,Victor Entertainment (1972),Cocco,Cocco,,"Negishi Takamune,Osada Susumu",
Zan Cyan, Album,21/06/2006,SPEEDSTAR RECORDS,Victor Entertainment (1972),Cocco,Cocco,,"Negishi Takamune,Osada Susumu",
Zan, Album,08/06/2011,,,Ninjaman Japan,,,,
Zai Ci Xun Zhao Zhou Jie Lun, Album,18/01/2015,Peaceful Music,,Richael Liu,,,,
ZACRO, Mini-Album,25/11/2009,Daiki Sound,,Awoi,,,,
Zab Mike, Digital Single,17/09/2019,GMM Grammy,GMM Grammy,Mike Piromporn,,,,
Za☆gin no NAON, Single,27/07/2011,,,CindyKate,,,,
Za-Gaïjin, Album,05/02/2007,,,AZIAN Z,,,,
Za from New York TV Commercial Song, Single,1999,,,Karen Mok,,,,
Z.TAO, Digital Mini-Album,19/08/2015,Huang Z.Tao Studio,,Z.Tao,,,,
Z.Hera Born, Mini-Album,13/05/2013,Artisans Music,CJ E&M,Z.Hera,"Ham Seung Hyo,Jeong Chang Wuk,Kyung Da Som,Park Yu Gyeong","Ham Seung Hyo,Jeong Chang Wuk,Yu Jae Jun","Ham Seung Hyo,Jeong Chang Wuk,Yu Jae Jun",
Z-ONE [Limited Edition], Album,16/05/2018,Lantis,BANDAI NAMCO Arts,ZAQ,ZAQ,"suzumu,ZAQ","R・O・N,Tada Akifumi,ZAQ,ZiNG",
Z-ONE, Album,16/05/2018,Lantis,BANDAI NAMCO Arts,ZAQ,ZAQ,"suzumu,ZAQ","R・O・N,Tada Akifumi,ZAQ,ZiNG",
Z-HARD, Album,28/02/2001,cutting edge,,Janne da Arc,Yasu (J-rock),,,
Z Z Z, Digital Single,12/07/2017,DMAKER Entertainment,LOEN Entertainment,Limesoda,"Shin Kung,WONDERKID","Shin Kung,WONDERKID","Shin Kung,WONDERKID",
Z scream !, Digital Single,27/10/2021,Ki/oon Music,Sony Music Labels,THIS IS JAPAN,,,,
Z Densetsu ~Owarinaki Kakumei~, Single,06/07/2011,Starchild Records,King Records,Momoiro Clover Z,Hyadain,,Hyadain,
Z - Toki wo Koete / Mizu no Hoshi e Ai wo Komete, Single,08/06/2005,Starchild Records,King Records,"Ayukawa Mami,Moriguchi Hiroko","Neil Sedaka,Ryu Machiko,Urino Masao",,"Makaino Koji,Watanabe Hiroya",
Z, Digital Single,10/04/2020,UNDERCLOUD,WUZO Entertainment,"Bluedayboy,TimeFeveR",,,,
Z, Album,14/02/2002,Sony Records,Sony Music Entertainment Japan,ZONE,"Isshiki Soran,Kusunose Takuya,Machida Norihiko,ZONE","Abe Yasuhiro (1966),Haneoka Kei,Hara Kazuhiro (compositeur),KAIDO,Machida Norihiko,Mizushima Yasutaka","Abe Yasuhiro (1966),Atsumi Rei,CHOKKAKU,KAIDO,Miyanaga Jiro,Nakamura Jin,Torajirou",
